;id
0;{278: ['Netflix', 'Movistar Plus+', 'Movistar Plus+ Ficción Total ', 'Filmin', 'Netflix Standard with Ads']}
1;{238: ['Movistar Plus+ Ficción Total ', 'SkyShowtime', 'Max', 'Tivify', 'Max  Originals Amazon Channel']}
2;{240: ['Movistar Plus+ Ficción Total ', 'SkyShowtime', 'Max', 'Max  Originals Amazon Channel']}
3;{424: ['Movistar Plus+', 'Movistar Plus+ Ficción Total ', 'Filmin']}
4;{389: ['MGM Plus Amazon Channel']}
5;{129: ['Netflix', 'Netflix Standard with Ads']}
6;{155: ['Netflix', 'Amazon Prime Video', 'Max', 'Netflix Standard with Ads', 'Max  Originals Amazon Channel']}
7;[]
8;{497: ['Movistar Plus+ Ficción Total ', 'Filmin', 'SkyShowtime']}
9;{496243: ['Amazon Prime Video', 'Movistar Plus+', 'Movistar Plus+ Ficción Total ', 'Filmin', 'Max', 'Max  Originals Amazon Channel']}
10;{680: ['Movistar Plus+ Ficción Total ', 'SkyShowtime', 'Max', 'Max  Originals Amazon Channel']}
11;{122: ['Amazon Prime Video']}
12;{372058: ['Movistar Plus+', 'Movistar Plus+ Ficción Total ']}
13;{13: ['Movistar Plus+', 'Movistar Plus+ Ficción Total ', 'SkyShowtime']}
14;{429: ['FlixOlé', 'FlixOlé Amazon Channel']}
15;{346: ['Filmin', 'Acontra Plus', 'Acontra Plus Amazon Channel']}
16;{769: ['Netflix', 'Amazon Prime Video', 'Movistar Plus+', 'Movistar Plus+ Ficción Total ', 'Filmin', 'Max', 'Netflix Standard with Ads']}
17;{157336: ['Netflix', 'Amazon Prime Video', 'Netflix Standard with Ads']}
18;{12477: ['Netflix', 'Netflix Standard with Ads']}
19;{637: ['Netflix', 'Netflix Standard with Ads']}
20;{550: ['Disney Plus', 'Movistar Plus+', 'Movistar Plus+ Ficción Total ']}
21;{11216: ['Amazon Prime Video', 'Filmin', 'Acontra Plus', 'Tivify']}
22;{598: ['Movistar Plus+ Ficción Total ', 'Max', 'Acontra Plus', 'Max  Originals Amazon Channel']}
23;[]
24;[]
25;{120: ['Amazon Prime Video']}
26;[]
27;{14537: ['Amazon Prime Video', 'Filmin', 'Acontra Plus']}
28;[]
29;[]
30;{311: ['Disney Plus', 'Amazon Prime Video']}
31;{121: ['Amazon Prime Video', 'Tivify']}
32;[]
33;{324857: ['Movistar Plus+ Ficción Total ', 'Max', 'Max  Originals Amazon Channel']}
34;{4935: ['Netflix', 'Netflix Standard with Ads']}
35;{1891: ['Disney Plus']}
36;[]
37;[]
38;{423: ['Disney Plus', 'Movistar Plus+ Ficción Total ', 'FlixOlé', 'FlixOlé Amazon Channel']}
39;[]
40;[]
41;{244786: ['Netflix', 'Netflix Standard with Ads']}
42;{807: ['Netflix', 'Movistar Plus+', 'Movistar Plus+ Ficción Total ', 'Filmin', 'Netflix Standard with Ads']}
43;{27205: ['Netflix', 'Amazon Prime Video', 'Netflix Standard with Ads']}
44;{1058694: ['Amazon Prime Video', 'Movistar Plus+ Ficción Total ', 'Filmin', 'SkyShowtime']}
45;{567: ['Filmin']}
46;{1356039: ['Netflix']}
47;{12493: ['Filmin', 'Acontra Plus', 'Acontra Plus Amazon Channel']}
48;{274: ['Amazon Prime Video', 'Movistar Plus+', 'Movistar Plus+ Ficción Total ']}
49;{620249: ['Amazon Prime Video']}
50;{569094: ['Netflix', 'Netflix Standard with Ads']}
51;[]
52;{73: ['Netflix', 'Netflix Standard with Ads']}
53;[]
54;{128: ['Netflix', 'Netflix Standard with Ads']}
55;{820067: ['Netflix', 'Netflix Standard with Ads', 'Crunchyroll']}
56;{105: ['Amazon Prime Video', 'Movistar Plus+', 'Movistar Plus+ Ficción Total ', 'Filmin', 'SkyShowtime']}
57;[]
58;[]
59;{3782: ['Filmin', 'Acontra Plus', 'Acontra Plus Amazon Channel']}
60;{10494: ['Movistar Plus+', 'Movistar Plus+ Ficción Total ']}
61;{207: ['Disney Plus', 'Filmin']}
62;[]
63;{652837: ['Movistar Plus+', 'Movistar Plus+ Ficción Total ', 'Filmin']}
64;{914: ['Filmin', 'Acontra Plus', 'Acontra Plus Amazon Channel']}
65;[]
66;[]
67;{1139087: ['Disney Plus']}
68;{18491: ['Netflix', 'Netflix Standard with Ads']}
69;{335: ['Movistar Plus+ Ficción Total ', 'SkyShowtime', 'Tivify']}
70;[]
71;{3082: ['Acontra Plus', 'Acontra Plus Amazon Channel']}
72;[]
73;{1585: ['Movistar Plus+', 'Movistar Plus+ Ficción Total ', 'Filmin']}
74;[]
75;{533514: ['Netflix', 'Netflix Standard with Ads']}
76;{77338: ['Netflix', 'Amazon Prime Video', 'Movistar Plus+', 'Movistar Plus+ Ficción Total ', 'Acontra Plus', 'Netflix Standard with Ads']}
77;{28: ['Amazon Prime Video', 'Filmin']}
78;{901: ['Filmin', 'Acontra Plus', 'Acontra Plus Amazon Channel']}
79;{8587: ['Disney Plus']}
80;{637920: ['Netflix', 'Netflix Standard with Ads']}
81;[]
82;{975: ['MGM Plus Amazon Channel']}
83;{670: ['Acontra Plus', 'Acontra Plus Amazon Channel']}
84;[]
85;{29259: ['Filmin']}
86;[]
87;[]
88;[]
89;{654299: ['Netflix', 'Netflix Standard with Ads']}
90;{527641: ['Amazon Prime Video', 'Movistar Plus+ Ficción Total ', 'SkyShowtime']}
91;[]
92;{299534: ['Disney Plus']}
93;{508965: ['Netflix', 'Netflix Standard with Ads']}
94;{995133: ['Apple TV+', 'Apple TV Plus Amazon Channel']}
95;{299536: ['Disney Plus']}
96;{25237: ['Filmin']}
97;{490132: ['Netflix', 'Netflix Standard with Ads', 'Lionsgate+ Amazon Channels']}
98;{283566: ['Amazon Prime Video']}
99;{265177: ['Movistar Plus+ Ficción Total ', 'Filmin', 'Max', 'Max  Originals Amazon Channel']}
100;[]
101;{603: ['Netflix', 'Amazon Prime Video', 'Movistar Plus+ Ficción Total ', 'Max', 'Netflix Standard with Ads', 'Max  Originals Amazon Channel']}
102;[]
103;{110420: ['Movistar Plus+', 'Movistar Plus+ Ficción Total ']}
104;{16672: ['Filmin']}
105;{98: ['Netflix', 'Amazon Prime Video', 'Movistar Plus+ Ficción Total ', 'Filmin', 'SkyShowtime', 'Netflix Standard with Ads']}
106;{857: ['Movistar Plus+', 'Movistar Plus+ Ficción Total ', 'SkyShowtime']}
107;{1160164: ['Disney Plus']}
108;[]
109;{16869: ['Netflix', 'Amazon Prime Video', 'Netflix Standard with Ads', 'Tivify']}
110;{441130: ['Apple TV+', 'Apple TV Plus Amazon Channel']}
111;{37257: ['MGM Plus Amazon Channel']}
112;{694: ['Max', 'Max  Originals Amazon Channel']}
113;{635302: ['Amazon Prime Video']}
114;{50014: ['Disney Plus']}
115;{354912: ['Disney Plus']}
116;{290098: ['FilmBox+']}
117;{11: ['Disney Plus']}
118;{1124: ['Netflix', 'Movistar Plus+', 'Movistar Plus+ Ficción Total ', 'Filmin', 'Netflix Standard with Ads']}
119;{284: ['MGM Plus Amazon Channel']}
120;{522924: ['Disney Plus']}
121;{11324: ['Amazon Prime Video']}
122;{829402: ['Netflix', 'Netflix Standard with Ads']}
123;[]
124;[]
125;[]
126;{324786: ['Netflix', 'Amazon Prime Video', 'Movistar Plus+', 'Movistar Plus+ Ficción Total ', 'FlixOlé', 'FlixOlé Amazon Channel', 'Netflix Standard with Ads']}
127;[]
128;{476292: ['Filmin']}
129;[]
130;{490: ['Amazon Prime Video', 'Filmin', 'Acontra Plus']}
131;{68718: ['Netflix', 'Netflix Standard with Ads', 'Tivify']}
132;{77: ['Amazon Prime Video']}
133;{851644: ['Netflix', 'Netflix Standard with Ads']}
134;{361743: ['Movistar Plus+', 'Movistar Plus+ Ficción Total ']}
135;{26451: ['Filmin']}
136;{5156: ['Movistar Plus+', 'Movistar Plus+ Ficción Total ', 'FlixOlé', 'FlixOlé Amazon Channel']}
137;[]
138;{18148: ['Movistar Plus+', 'Acontra Plus', 'Acontra Plus Amazon Channel']}
139;[]
140;{812225: ['Netflix', 'Netflix Standard with Ads']}
141;{537061: ['Movistar Plus+ Ficción Total ', 'Max', 'Max  Originals Amazon Channel']}
142;{348: ['Disney Plus', 'Movistar Plus+', 'Movistar Plus+ Ficción Total ', 'Max', 'Max  Originals Amazon Channel']}
143;{426: ['Filmin']}
144;{111: ['Netflix', 'Filmin', 'Netflix Standard with Ads']}
145;{1422: ['Netflix', 'Amazon Prime Video', 'Netflix Standard with Ads']}
146;{489: ['Movistar Plus+ Ficción Total ', 'Max', 'Tivify', 'Max  Originals Amazon Channel']}
147;{289: ['Amazon Prime Video']}
148;{797: ['Filmin', 'Acontra Plus', 'Acontra Plus Amazon Channel']}
149;{10098: ['Amazon Prime Video', 'Filmin', 'Acontra Plus']}
150;{556574: ['Disney Plus']}
151;{592350: ['Netflix', 'Netflix Standard with Ads']}
152;{399106: ['Disney Plus']}
153;{133919: ['Acontra Plus', 'Acontra Plus Amazon Channel']}
154;[]
155;{693134: ['Movistar Plus+', 'Movistar Plus+ Ficción Total ', 'Max', 'Max  Originals Amazon Channel']}
156;{872: ['Movistar Plus+', 'Movistar Plus+ Ficción Total ', 'Filmin']}
157;{517814: ['Amazon Prime Video', 'Filmin']}
158;{610892: ['Netflix', 'Netflix Standard with Ads']}
159;[]
160;[]
161;{20334: ['Movistar Plus+', 'Movistar Plus+ Ficción Total ', 'Filmin']}
162;{475557: ['Netflix', 'Amazon Prime Video', 'Movistar Plus+', 'Movistar Plus+ Ficción Total ', 'Max', 'Netflix Standard with Ads', 'Max  Originals Amazon Channel']}
163;{666: ['Movistar Plus+', 'Movistar Plus+ Ficción Total ', 'Acontra Plus', 'Acontra Plus Amazon Channel']}
164;{422: ['Filmin', 'Acontra Plus', 'Acontra Plus Amazon Channel']}
165;{81481: ['Netflix', 'Netflix Standard with Ads']}
166;{103: ['Movistar Plus+', 'Movistar Plus+ Ficción Total ']}
167;{1026227: ['Movistar Plus+', 'Movistar Plus+ Ficción Total ']}
168;[]
169;{810693: ['Netflix', 'Netflix Standard with Ads', 'Crunchyroll', 'Crunchyroll Amazon Channel']}
170;{280: ['Netflix', 'Amazon Prime Video', 'Netflix Standard with Ads']}
171;{600: ['Movistar Plus+ Ficción Total ', 'Max', 'Max  Originals Amazon Channel']}
172;[]
173;{1398: ['Filmin', 'Acontra Plus', 'Acontra Plus Amazon Channel']}
174;{500: ['Lionsgate+ Amazon Channels']}
175;{791373: ['Netflix', 'Netflix Standard with Ads']}
176;[]
177;{575813: ['Movistar Plus+', 'Movistar Plus+ Ficción Total ', 'Filmin']}
178;{398818: ['Movistar Plus+', 'Movistar Plus+ Ficción Total ']}
179;{3780: ['Movistar Plus+', 'Movistar Plus+ Ficción Total ', 'Filmin', 'Acontra Plus', 'Acontra Plus Amazon Channel']}
180;{100: ['Lionsgate+ Amazon Channels']}
181;{614: ['Filmin', 'Acontra Plus', 'Acontra Plus Amazon Channel']}
182;{600354: ['Amazon Prime Video', 'Movistar Plus+', 'Movistar Plus+ Ficción Total ', 'Max', 'Acontra Plus', 'Max  Originals Amazon Channel']}
183;{531428: ['Amazon Prime Video', 'Filmin', 'Acontra Plus']}
184;{996: ['Filmin']}
185;{508442: ['Disney Plus']}
186;[]
187;{458220: ['Apple TV+', 'Apple TV Plus Amazon Channel']}
188;{19: ['Filmin']}
189;[]
190;{843: ['Filmin']}
191;{55823: ['Filmin']}
192;[]
193;{470044: ['Disney Plus']}
194;{24382: ['Amazon Prime Video', 'Filmin', 'Acontra Plus', 'Acontra Plus Amazon Channel']}
195;[]
196;{146233: ['Movistar Plus+', 'Movistar Plus+ Ficción Total ', 'FilmBox+']}
197;{10681: ['Disney Plus']}
198;{46738: ['Amazon Prime Video', 'Filmin']}
199;{11878: ['Filmin', 'Acontra Plus', 'Acontra Plus Amazon Channel']}
200;{239: ['Amazon Prime Video']}
201;{795607: ['Netflix', 'Netflix Standard with Ads']}
202;{103663: ['Movistar Plus+', 'Movistar Plus+ Ficción Total ', 'Filmin']}
203;{20532: ['Filmin']}
204;{762975: ['Netflix', 'Netflix Standard with Ads']}
205;{655: ['Acontra Plus', 'Acontra Plus Amazon Channel']}
206;{698687: ['Movistar Plus+ Ficción Total ', 'SkyShowtime']}
207;{38: ['Filmin']}
208;{149871: ['Netflix', 'Netflix Standard with Ads']}
209;{2457: ['Filmin', 'Acontra Plus', 'Acontra Plus Amazon Channel']}
210;{12445: ['Movistar Plus+ Ficción Total ', 'Max', 'Max  Originals Amazon Channel']}
211;[]
212;{755812: ['Netflix', 'Disney Plus', 'Netflix Standard with Ads']}
213;{663558: ['Netflix', 'Netflix Standard with Ads']}
214;{387: ['Filmin']}
215;{705: ['Movistar Plus+', 'Movistar Plus+ Ficción Total ', 'Filmin']}
216;[]
217;{21634: ['Amazon Prime Video', 'Filmin']}
218;{831827: ['Disney Plus']}
219;{832: ['Amazon Prime Video', 'Filmin']}
220;[]
221;[]
222;{7345: ['Movistar Plus+ Ficción Total ', 'SkyShowtime']}
223;{8392: ['Netflix', 'Netflix Standard with Ads']}
224;{439: ['Movistar Plus+', 'Movistar Plus+ Ficción Total ', 'FlixOlé', 'FlixOlé Amazon Channel']}
225;{532067: ['Netflix', 'Netflix Standard with Ads']}
226;{359940: ['Disney Plus']}
227;{1091: ['Movistar Plus+ Ficción Total ', 'Filmin', 'SkyShowtime']}
228;{31439: ['Filmin', 'Acontra Plus', 'Acontra Plus Amazon Channel']}
229;{42229: ['Filmin']}
230;{4348: ['Netflix', 'Amazon Prime Video', 'Filmin', 'Netflix Standard with Ads']}
231;[]
232;[]
233;{548: ['Amazon Prime Video', 'Filmin', 'Acontra Plus']}
234;{872585: ['Movistar Plus+', 'Movistar Plus+ Ficción Total ']}
235;{555604: ['Netflix', 'Netflix Standard with Ads']}
236;[]
237;{11423: ['Amazon Prime Video']}
238;[]
239;{522518: ['Netflix', 'Netflix Standard with Ads', 'Lionsgate+ Amazon Channels']}
240;[]
241;[]
242;{992: ['Filmin', 'Acontra Plus']}
243;{800: ['Acontra Plus', 'Acontra Plus Amazon Channel']}
244;{1955: ['Amazon Prime Video', 'Movistar Plus+', 'Movistar Plus+ Ficción Total ', 'Filmin']}
245;[]
246;{400608: ['Netflix', 'Netflix Standard with Ads']}
247;{640344: ['Netflix', 'Netflix Standard with Ads']}
248;{120467: ['Disney Plus']}
249;{472454: ['Amazon Prime Video', 'Movistar Plus+', 'Movistar Plus+ Ficción Total ', 'Acontra Plus']}
250;{310569: ['Filmin']}
251;[]
252;{582: ['Filmin']}
253;{785534: ['Netflix', 'Netflix Standard with Ads']}
254;{821: ['Amazon Prime Video', 'Filmin']}
255;{538362: ['Netflix', 'Netflix Standard with Ads']}
256;{106646: ['Amazon Prime Video', 'Movistar Plus+ Ficción Total ', 'SkyShowtime']}
257;{823754: ['Netflix', 'Netflix Standard with Ads']}
258;{9277: ['Movistar Plus+', 'Movistar Plus+ Ficción Total ', 'Filmin', 'SkyShowtime']}
259;{204: ['Acontra Plus', 'Acontra Plus Amazon Channel']}
260;[]
261;{147: ['Filmin']}
262;{279: ['Filmin']}
263;{838240: ['Movistar Plus+', 'Movistar Plus+ Ficción Total ']}
264;[]
265;{8422: ['Movistar Plus+', 'Movistar Plus+ Ficción Total ', 'FlixOlé', 'FlixOlé Amazon Channel']}
266;{521: ['Movistar Plus+', 'Movistar Plus+ Ficción Total ']}
267;[]
268;[]
269;[]
270;{307: ['Amazon Prime Video', 'Filmin']}
271;{1244492: ['Amazon Prime Video']}
272;{110416: ['Amazon Prime Video', 'Filmin']}
273;[]
274;{641: ['Lionsgate+ Amazon Channels']}
275;{673: ['Movistar Plus+ Ficción Total ', 'Max', 'Max  Originals Amazon Channel']}
276;{962232: ['Netflix', 'Netflix Standard with Ads']}
277;{28178: ['Amazon Prime Video', 'Filmin', 'FlixOlé', 'FlixOlé Amazon Channel']}
278;{515001: ['Disney Plus', 'Movistar Plus+', 'Movistar Plus+ Ficción Total ', 'Max', 'Max  Originals Amazon Channel']}
279;[]
280;{400928: ['Disney Plus']}
281;{20530: ['Acontra Plus', 'Acontra Plus Amazon Channel']}
282;{1084736: ['Movistar Plus+', 'Movistar Plus+ Ficción Total ']}
283;[]
284;[]
285;{359724: ['Disney Plus', 'Movistar Plus+', 'Movistar Plus+ Ficción Total ']}
286;{568160: ['Netflix', 'Movistar Plus+', 'Movistar Plus+ Ficción Total ', 'Netflix Standard with Ads']}
287;[]
288;{906126: ['Netflix', 'Netflix Standard with Ads']}
289;[]
290;[]
291;[]
292;[]
293;{15: ['Amazon Prime Video', 'FlixOlé']}
294;{449176: ['Disney Plus', 'Netflix Standard with Ads']}
295;[]
296;{524: ['Movistar Plus+']}
297;{337404: ['Disney Plus']}
298;[]
299;{140420: ['Disney Plus']}
300;{11778: ['Movistar Plus+', 'Movistar Plus+ Ficción Total ', 'Filmin']}
301;[]
302;{28422: ['Filmin']}
303;{930094: ['Amazon Prime Video']}
304;{339877: ['Amazon Prime Video', 'Movistar Plus+', 'Movistar Plus+ Ficción Total ', 'Filmin']}
305;{530915: ['Netflix', 'Netflix Standard with Ads', 'Lionsgate+ Amazon Channels']}
306;{13223: ['Amazon Prime Video']}
307;{780: ['Filmin', 'Acontra Plus', 'Acontra Plus Amazon Channel']}
308;{25376: ['Netflix', 'FlixOlé', 'Netflix Standard with Ads', 'Tivify']}
309;{14696: ['Filmin']}
310;[]
311;[]
312;[]
313;{19426: ['Movistar Plus+', 'Movistar Plus+ Ficción Total ', 'Filmin']}
314;[]
315;{213: ['Filmin']}
316;[]
317;[]
318;{41050: ['FlixOlé', 'FlixOlé Amazon Channel']}
319;{1396: ['Filmin', 'Acontra Plus', 'Acontra Plus Amazon Channel']}
320;{962: ['Filmin', 'Acontra Plus', 'Acontra Plus Amazon Channel']}
321;{895: ['Filmin', 'Acontra Plus', 'Acontra Plus Amazon Channel']}
322;{640: ['Movistar Plus+ Ficción Total ', 'SkyShowtime']}
323;{424694: ['Netflix', 'Disney Plus', 'Netflix Standard with Ads']}
324;[]
325;{2517: ['Filmin', 'Acontra Plus', 'Acontra Plus Amazon Channel']}
326;[]
327;{10515: ['Netflix', 'Netflix Standard with Ads']}
328;{12761: ['Filmin', 'Acontra Plus', 'Acontra Plus Amazon Channel']}
329;{11104: ['Filmin']}
330;{19542: ['Amazon Prime Video', 'Filmin', 'FlixOlé']}
331;{24: ['Lionsgate+ Amazon Channels']}
332;{574074: ['Disney Plus']}
333;{76: ['Movistar Plus+', 'Movistar Plus+ Ficción Total ', 'Filmin']}
334;{862: ['Disney Plus']}
335;{1059: ['Acontra Plus', 'Acontra Plus Amazon Channel']}
336;[]
337;[]
338;{14160: ['Disney Plus']}
339;{237791: ['Filmin']}
340;[]
341;{70: ['Amazon Prime Video', 'Acontra Plus']}
342;[]
343;{329: ['Amazon Prime Video', 'Movistar Plus+ Ficción Total ', 'SkyShowtime']}
344;{745: ['Disney Plus']}
345;{679: ['Disney Plus', 'Movistar Plus+', 'Movistar Plus+ Ficción Total ', 'Max', 'Max  Originals Amazon Channel']}
346;{81: ['Netflix', 'Netflix Standard with Ads']}
347;[]
348;[]
349;{3090: ['Movistar Plus+', 'Movistar Plus+ Ficción Total ', 'Filmin']}
350;{447365: ['Disney Plus']}
351;{315465: ['Amazon Prime Video', 'Movistar Plus+', 'Movistar Plus+ Ficción Total ', 'Filmin', 'Acontra Plus']}
352;{10997: ['Filmin']}
353;{10386: ['Filmin']}
354;{37797: ['Netflix', 'Netflix Standard with Ads']}
355;[]
356;{634649: ['Max', 'Max  Originals Amazon Channel']}
357;{11712: ['Filmin', 'Acontra Plus', 'Acontra Plus Amazon Channel']}
358;{5925: ['Amazon Prime Video']}
359;{197: ['Disney Plus', 'Movistar Plus+', 'Movistar Plus+ Ficción Total ', 'Max', 'Max  Originals Amazon Channel']}
360;{626332: ['Disney Plus', 'Amazon Prime Video']}
361;[]
362;{9764: ['Filmin', 'Acontra Plus', 'Acontra Plus Amazon Channel']}
363;{149: ['Amazon Prime Video', 'Movistar Plus+', 'Movistar Plus+ Ficción Total ']}
364;{1580: ['Filmin']}
365;{29264: ['Movistar Plus+', 'Movistar Plus+ Ficción Total ', 'FlixOlé', 'FlixOlé Amazon Channel', 'Cultpix']}
366;{28978: ['Filmin', 'Acontra Plus', 'Acontra Plus Amazon Channel']}
367;{15244: ['Filmin', 'Acontra Plus', 'Acontra Plus Amazon Channel']}
368;{10404: ['Acontra Plus', 'Acontra Plus Amazon Channel']}
369;{961: ['Amazon Prime Video', 'Filmin', 'Acontra Plus', 'Acontra Plus Amazon Channel']}
370;{78: ['Amazon Prime Video']}
371;[]
372;[]
373;{76203: ['Movistar Plus+ Ficción Total ']}
374;{770: ['Filmin']}
375;{242828: ['Netflix', 'Netflix Standard with Ads']}
376;[]
377;{296096: ['MGM Plus Amazon Channel']}
378;[]
379;{8290: ['Filmin']}
380;[]
381;[]
382;{11010: ['Filmin', 'Acontra Plus', 'Acontra Plus Amazon Channel']}
383;{916224: ['Netflix', 'Netflix Standard with Ads', 'Crunchyroll', 'Crunchyroll Amazon Channel']}
384;{1578: ['MGM Plus Amazon Channel']}
385;{49964: ['Filmin']}
386;[]
387;{234: ['Filmin']}
388;[]
389;{85: ['Netflix', 'Movistar Plus+ Ficción Total ', 'SkyShowtime', 'Netflix Standard with Ads']}
390;[]
391;{949: ['Disney Plus', 'Amazon Prime Video']}
392;{152532: ['Amazon Prime Video', 'Movistar Plus+', 'Movistar Plus+ Ficción Total ']}
393;{3777: ['Filmin', 'Acontra Plus', 'Acontra Plus Amazon Channel']}
394;{1092: ['Amazon Prime Video', 'Movistar Plus+', 'Movistar Plus+ Ficción Total ', 'Filmin']}
395;[]
396;{13398: ['Movistar Plus+', 'Movistar Plus+ Ficción Total ', 'Filmin']}
397;{10238: ['Filmin', 'Acontra Plus', 'Acontra Plus Amazon Channel']}
398;[]
399;[]
400;{827: ['Acontra Plus']}
401;[]
402;{110: ['Movistar Plus+', 'Movistar Plus+ Ficción Total ', 'Filmin']}
403;[]
404;{726684: ['Netflix', 'Disney Plus', 'Netflix Standard with Ads']}
405;{488623: ['Netflix', 'Netflix Standard with Ads']}
406;{150540: ['Disney Plus']}
407;{15383: ['Filmin']}
408;{10242: ['Movistar Plus+', 'Movistar Plus+ Ficción Total ', 'Filmin']}
409;{489412: ['Filmin']}
410;{20271: ['FlixOlé', 'FlixOlé Amazon Channel']}
411;{33: ['Netflix', 'Netflix Standard with Ads']}
412;{38360: ['Filmin']}
413;[]
414;[]
415;{28971: ['Filmin', 'Acontra Plus', 'Acontra Plus Amazon Channel']}
416;{7857: ['Movistar Plus+', 'Movistar Plus+ Ficción Total ']}
417;{10674: ['Disney Plus']}
418;{597: ['Disney Plus', 'Movistar Plus+', 'Movistar Plus+ Ficción Total ', 'Max', 'Max  Originals Amazon Channel']}
419;[]
420;{7984: ['Movistar Plus+', 'Movistar Plus+ Ficción Total ', 'Filmin']}
421;{118340: ['Disney Plus']}
422;{405: ['Filmin']}
423;{944401: ['Amazon Prime Video']}
424;{920394: ['Netflix', 'Netflix Standard with Ads']}
425;{740937: ['Amazon Prime Video', 'Filmin']}
426;{610150: ['Crunchyroll', 'Crunchyroll Amazon Channel']}
427;{671: ['Movistar Plus+ Ficción Total ', 'Max', 'Netflix Standard with Ads', 'Max  Originals Amazon Channel']}
428;{503314: ['Netflix', 'Amazon Prime Video', 'Movistar Plus+', 'Movistar Plus+ Ficción Total ', 'Netflix Standard with Ads']}
429;{491480: ['Netflix', 'Netflix Standard with Ads']}
430;[]
431;{654: ['Movistar Plus+', 'Movistar Plus+ Ficción Total ']}
432;[]
433;{1892: ['Disney Plus']}
434;{667520: ['Netflix', 'Netflix Standard with Ads']}
435;{774531: ['Disney Plus']}
436;{505262: ['Netflix', 'Amazon Prime Video', 'Netflix Standard with Ads']}
437;{482321: ['Disney Plus']}
438;{10728: ['Filmin']}
439;[]
440;[]
441;{334533: ['Netflix', 'Netflix Standard with Ads']}
442;{458302: ['Movistar Plus+ Ficción Total ']}
443;[]
444;[]
445;[]
446;[]
447;[]
448;[]
449;{582927: ['Netflix', 'Netflix Standard with Ads']}
450;[]
451;[]
452;{1402: ['Netflix', 'Netflix Standard with Ads']}
453;{210577: ['Disney Plus', 'Amazon Prime Video']}
454;{11036: ['Netflix', 'Amazon Prime Video', 'Netflix Standard with Ads']}
455;{2011: ['Filmin']}
456;{550205: ['Netflix', 'Netflix Standard with Ads']}
457;{60243: ['Filmin']}
458;{23160: ['Filmin']}
459;{961323: ['Netflix', 'Netflix Standard with Ads']}
460;{665: ['Movistar Plus+', 'Movistar Plus+ Ficción Total ']}
461;{501929: ['Netflix', 'Netflix Standard with Ads']}
462;{833: ['Amazon Prime Video', 'FlixOlé', 'FlixOlé Amazon Channel']}
463;[]
464;{698948: ['Amazon Prime Video']}
465;[]
466;{52629: ['Netflix', 'Netflix Standard with Ads']}
467;[]
468;[]
469;{17295: ['Filmin']}
470;[]
471;{5801: ['Movistar Plus+', 'Movistar Plus+ Ficción Total ', 'Hoichoi']}
472;{662: ['Filmin', 'MUBI', 'MUBI Amazon Channel']}
473;{316029: ['Disney Plus', 'Movistar Plus+', 'Movistar Plus+ Ficción Total ']}
474;[]
475;{47796: ['FlixOlé', 'FlixOlé Amazon Channel']}
476;[]
477;{393: ['Lionsgate+ Amazon Channels']}
478;{16: ['Filmin']}
479;[]
480;{1214484: ['Netflix', 'Netflix Standard with Ads']}
481;[]
482;[]
483;{24238: ['Amazon Prime Video', 'Movistar Plus+', 'Movistar Plus+ Ficción Total ', 'Filmin']}
484;[]
485;{369557: ['Amazon Prime Video', 'Movistar Plus+ Ficción Total ']}
486;[]
487;{3112: ['MGM Plus Amazon Channel']}
488;{1081676: ['Netflix', 'Netflix Standard with Ads']}
489;[]
490;[]
491;{331482: ['Netflix', 'Netflix Standard with Ads']}
492;[]
493;{45752: ['Max', 'Max  Originals Amazon Channel']}
494;{3083: ['Movistar Plus+', 'Movistar Plus+ Ficción Total ']}
495;{522212: ['Netflix', 'Movistar Plus+', 'Movistar Plus+ Ficción Total ', 'Netflix Standard with Ads']}
496;{613: ['Filmin']}
497;{25364: ['Filmin']}
498;{777: ['Filmin']}
499;{453: ['Movistar Plus+', 'Movistar Plus+ Ficción Total ']}
500;{235: ['Filmin']}
501;{453: ['Movistar Plus+', 'Movistar Plus+ Ficción Total ']}
502;{505192: ['Filmin']}
503;[]
504;{1162: ['Filmin']}
505;{399174: ['Disney Plus']}
506;[]
507;{152601: ['Amazon Prime Video', 'Movistar Plus+', 'Movistar Plus+ Ficción Total ', 'Filmin']}
508;{714888: ['Amazon Prime Video']}
509;{93: ['Filmin']}
510;{89: ['Netflix', 'Movistar Plus+ Ficción Total ', 'SkyShowtime', 'Netflix Standard with Ads']}
511;[]
512;{522402: ['Apple TV+', 'Apple TV Plus Amazon Channel']}
513;[]
514;{11656: ['Filmin', 'Acontra Plus', 'Acontra Plus Amazon Channel']}
515;{546554: ['Netflix', 'Netflix Standard with Ads', 'Tivify']}
516;{266856: ['Netflix', 'Movistar Plus+', 'Movistar Plus+ Ficción Total ', 'SkyShowtime', 'Netflix Standard with Ads']}
517;{585: ['Disney Plus']}
518;[]
519;[]
520;{59440: ['Movistar Plus+', 'Movistar Plus+ Ficción Total ']}
521;[]
522;{581528: ['Amazon Prime Video']}
523;{430424: ['Amazon Prime Video', 'Filmin']}
524;{33320: ['Movistar Plus+', 'Movistar Plus+ Ficción Total ']}
525;[]
526;{115: ['Filmin']}
527;{527774: ['Disney Plus']}
528;{1394: ['Filmin', 'Acontra Plus', 'Acontra Plus Amazon Channel']}
529;{293299: ['Disney Plus']}
530;[]
531;{9479: ['Disney Plus']}
532;{631: ['Filmin']}
533;{677638: ['Movistar Plus+ Ficción Total ', 'Max', 'Max  Originals Amazon Channel']}
534;{31442: ['Filmin', 'Acontra Plus', 'Acontra Plus Amazon Channel']}
535;{6075: ['Filmin']}
536;{391: ['FlixOlé']}
537;[]
538;[]
539;[]
540;{5924: ['Amazon Prime Video']}
541;{198: ['Filmin']}
542;[]
543;[]
544;{3078: ['Movistar Plus+', 'Movistar Plus+ Ficción Total ', 'Filmin']}
545;{83564: ['Disney Plus']}
546;{24167: ['Amazon Prime Video', 'Filmin']}
547;[]
548;{2062: ['Disney Plus']}
549;[]
550;{2440: ['Kocowa']}
551;{152742: ['Amazon Prime Video']}
552;[]
553;{805: ['Movistar Plus+ Ficción Total ', 'SkyShowtime']}
554;{47931: ['Filmin', 'Acontra Plus', 'Acontra Plus Amazon Channel']}
555;{16859: ['Netflix', 'Netflix Standard with Ads']}
556;[]
557;{785084: ['Movistar Plus+', 'Movistar Plus+ Ficción Total ']}
558;[]
559;{263115: ['Disney Plus']}
560;[]
561;{3870: ['Amazon Prime Video', 'Movistar Plus+', 'Movistar Plus+ Ficción Total ', 'FlixOlé', 'FlixOlé Amazon Channel']}
562;{650031: ['Netflix', 'Netflix Standard with Ads']}
563;[]
564;{398924: ['Filmin', 'Acontra Plus', 'Acontra Plus Amazon Channel']}
565;{596: ['Movistar Plus+', 'Movistar Plus+ Ficción Total ']}
566;[]
567;{11953: ['Filmin']}
568;{12: ['Disney Plus']}
569;[]
570;[]
571;{779047: ['Disney Plus']}
572;{107: ['Netflix', 'Netflix Standard with Ads']}
573;{1010581: ['Amazon Prime Video']}
574;{1280: ['Amazon Prime Video', 'Filmin']}
575;[]
576;[]
577;{80: ['Movistar Plus+', 'Movistar Plus+ Ficción Total ', 'Filmin']}
578;{4977: ['Movistar Plus+', 'Movistar Plus+ Ficción Total ', 'Filmin']}
579;[]
580;[]
581;{10774: ['MGM Plus Amazon Channel']}
582;{22: ['Disney Plus']}
583;{1018: ['Amazon Prime Video', 'Movistar Plus+', 'Movistar Plus+ Ficción Total ', 'Filmin']}
584;{10315: ['Disney Plus']}
585;[]
586;{508943: ['Disney Plus']}
587;{58129: ['Filmin', 'Acontra Plus']}
588;[]
589;{301: ['Tivify']}
590;{29845: ['Filmin']}
591;[]
592;{674: ['Movistar Plus+ Ficción Total ', 'Max', 'Max  Originals Amazon Channel']}
593;[]
594;[]
595;{393559: ['Amazon Prime Video']}
596;[]
597;{11621: ['Netflix', 'Netflix Standard with Ads']}
598;{113: ['Amazon Prime Video', 'Filmin']}
599;{579245: ['FilmBox+', 'Acontra Plus']}
600;{29458: ['Acontra Plus', 'Acontra Plus Amazon Channel']}
601;{22843: ['Amazon Prime Video']}
602;{760774: ['Amazon Prime Video']}
603;{335578: ['Filmin', 'Acontra Plus', 'Acontra Plus Amazon Channel']}
604;{10193: ['Disney Plus']}
605;{593: ['Filmin']}
606;{562: ['Disney Plus', 'Movistar Plus+', 'Movistar Plus+ Ficción Total ']}
607;{84892: ['Lionsgate+ Amazon Channels']}
608;[]
609;{901563: ['Movistar Plus+', 'Movistar Plus+ Ficción Total ']}
610;{49797: ['Amazon Prime Video']}
611;{2118: ['Disney Plus', 'Amazon Prime Video']}
612;{937746: ['Movistar Plus+', 'Movistar Plus+ Ficción Total ']}
613;[]
614;{11697: ['Movistar Plus+ Ficción Total ', 'SkyShowtime']}
615;{136: ['Filmin']}
616;[]
617;[]
618;{9475: ['Netflix', 'Filmin', 'Netflix Standard with Ads']}
619;{2721: ['Amazon Prime Video']}
620;{887: ['Filmin']}
621;{348892: ['Netflix', 'Netflix Standard with Ads']}
622;{277216: ['Movistar Plus+ Ficción Total ', 'SkyShowtime']}
623;{149870: ['Netflix', 'Netflix Standard with Ads']}
624;{33602: ['Movistar Plus+ Ficción Total ', 'Max', 'Max  Originals Amazon Channel']}
625;[]
626;[]
627;{31056: ['Filmin']}
628;{359156: ['Netflix', 'Netflix Standard with Ads']}
629;{49026: ['Netflix', 'Amazon Prime Video', 'Max', 'Netflix Standard with Ads', 'Max  Originals Amazon Channel']}
630;[]
631;{13042: ['Disney Plus']}
632;{142: ['Movistar Plus+', 'Movistar Plus+ Ficción Total ', 'Filmin']}
633;{71157: ['Amazon Prime Video']}
634;{5991: ['Filmin']}
635;{1675: ['Amazon Prime Video', 'Filmin']}
636;{438631: ['Netflix', 'Movistar Plus+ Ficción Total ', 'Max', 'Netflix Standard with Ads', 'Max  Originals Amazon Channel']}
637;{14069: ['Movistar Plus+']}
638;{5000: ['Filmin']}
639;{262: ['Movistar Plus+', 'Movistar Plus+ Ficción Total ']}
640;{934: ['Amazon Prime Video', 'Filmin', 'Acontra Plus']}
641;[]
642;{9421: ['Amazon Prime Video', 'Acontra Plus']}
643;{585511: ['Apple TV+', 'Apple TV Plus Amazon Channel']}
644;[]
645;{5961: ['Movistar Plus+', 'Movistar Plus+ Ficción Total ', 'Filmin', 'Acontra Plus', 'Acontra Plus Amazon Channel']}
646;{553: ['Filmin']}
647;{11602: ['Filmin', 'Acontra Plus', 'Acontra Plus Amazon Channel']}
648;{715931: ['Apple TV+', 'Apple TV Plus Amazon Channel']}
649;{165: ['Amazon Prime Video', 'Movistar Plus+', 'Movistar Plus+ Ficción Total ', 'Filmin', 'SkyShowtime']}
650;{141: ['Amazon Prime Video', 'Filmin']}
651;{428493: ['Amazon Prime Video', 'Filmin']}
652;{423612: ['Filmin']}
653;[]
654;{144: ['Amazon Prime Video', 'Acontra Plus']}
655;{783675: ['Movistar Plus+', 'Movistar Plus+ Ficción Total ']}
656;{946: ['FlixOlé', 'FlixOlé Amazon Channel']}
657;{25050: ['Amazon Prime Video', 'Movistar Plus+', 'Movistar Plus+ Ficción Total ', 'Acontra Plus', 'Acontra Plus Amazon Channel']}
658;[]
659;{712454: ['Netflix', 'Netflix Standard with Ads']}
660;[]
661;{126319: ['Amazon Prime Video', 'Filmin']}
662;{18079: ['Acontra Plus', 'Acontra Plus Amazon Channel']}
663;{216: ['Filmin']}
664;[]
665;{86837: ['Movistar Plus+', 'Movistar Plus+ Ficción Total ', 'Acontra Plus', 'Acontra Plus Amazon Channel']}
666;{5511: ['Amazon Prime Video', 'Filmin']}
667;[]
668;{587: ['Movistar Plus+', 'Movistar Plus+ Ficción Total ']}
669;{583: ['Filmin', 'Netflix Standard with Ads', 'Tivify']}
670;{579974: ['Netflix', 'Netflix Standard with Ads']}
671;{545611: ['Filmin']}
672;[]
673;[]
674;[]
675;{28162: ['Amazon Prime Video', 'Filmin', 'FlixOlé']}
676;[]
677;[]
678;[]
679;[]
680;{873: ['Filmin']}
681;{937278: ['Amazon Prime Video']}
682;{609242: ['Amazon Prime Video', 'Filmin']}
683;{273248: ['Netflix Standard with Ads', 'Tivify', 'Lionsgate+ Amazon Channels']}
684;{113833: ['Movistar Plus+ Ficción Total ', 'Max', 'Max  Originals Amazon Channel']}
685;{882569: ['Amazon Prime Video']}
686;{380: ['MGM Plus Amazon Channel']}
687;{24480: ['Disney Plus']}
688;{925: ['Filmin']}
689;[]
690;{808: ['Netflix', 'Amazon Prime Video', 'Movistar Plus+ Ficción Total ', 'Filmin', 'SkyShowtime', 'Netflix Standard with Ads']}
691;{396535: ['Amazon Prime Video', 'Filmin', 'Acontra Plus']}
692;[]
693;[]
694;{20126: ['Amazon Prime Video', 'Movistar Plus+', 'Movistar Plus+ Ficción Total ', 'FlixOlé', 'FlixOlé Amazon Channel']}
695;[]
696;{303: ['Acontra Plus', 'Acontra Plus Amazon Channel']}
697;{980026: ['Movistar Plus+', 'Movistar Plus+ Ficción Total ']}
698;{1700: ['Amazon Prime Video']}
699;{976893: ['Movistar Plus+', 'Movistar Plus+ Ficción Total ']}
700;{269149: ['Disney Plus']}
701;[]
702;{24428: ['Disney Plus']}
703;[]
704;{12429: ['Netflix', 'Netflix Standard with Ads']}
705;{11902: ['Movistar Plus+', 'Movistar Plus+ Ficción Total ']}
706;{322: ['Netflix', 'Movistar Plus+', 'Movistar Plus+ Ficción Total ', 'Netflix Standard with Ads']}
707;[]
708;[]
709;{25253: ['Filmin']}
710;[]
711;{792: ['MGM Plus Amazon Channel']}
712;{703: ['Amazon Prime Video']}
713;{705861: ['Netflix', 'Netflix Standard with Ads']}
714;{12444: ['Movistar Plus+ Ficción Total ', 'Max', 'Max  Originals Amazon Channel']}
715;{666277: ['Movistar Plus+', 'Movistar Plus+ Ficción Total ', 'Filmin']}
716;[]
717;[]
718;[]
719;{336804: ['Movistar Plus+', 'Movistar Plus+ Ficción Total ', 'Filmin', 'Acontra Plus', 'Acontra Plus Amazon Channel']}
720;[]
721;[]
722;{382591: ['Netflix', 'Amazon Prime Video', 'Acontra Plus', 'Acontra Plus Amazon Channel', 'Netflix Standard with Ads', 'Tivify']}
723;[]
724;{602063: ['Netflix', 'Netflix Standard with Ads']}
725;[]
726;[]
727;{492188: ['Netflix', 'Netflix Standard with Ads']}
728;{45269: ['Disney Plus', 'Amazon Prime Video', 'Movistar Plus+', 'Movistar Plus+ Ficción Total ']}
729;[]
730;{10020: ['Disney Plus']}
731;{9552: ['Movistar Plus+', 'Movistar Plus+ Ficción Total ', 'Filmin']}
732;[]
733;[]
734;{903: ['Tivify']}
735;{177572: ['Disney Plus']}
736;{15121: ['Disney Plus']}
737;{49687: ['Filmin']}
738;[]
739;{49046: ['Netflix', 'Netflix Standard with Ads']}
740;{5528: ['Disney Plus', 'FlixOlé', 'FlixOlé Amazon Channel']}
741;{396: ['Filmin']}
742;[]
743;[]
744;[]
745;{61979: ['Netflix', 'Amazon Prime Video', 'Movistar Plus+ Ficción Total ', 'fuboTV', 'SkyShowtime', 'Netflix Standard with Ads', 'Tivify', 'Max  Originals Amazon Channel']}
746;{696: ['Amazon Prime Video', 'Movistar Plus+ Ficción Total ']}
747;{525: ['Movistar Plus+', 'Movistar Plus+ Ficción Total ']}
748;{404: ['Movistar Plus+', 'Movistar Plus+ Ficción Total ', 'Filmin']}
749;{603692: ['Amazon Prime Video']}
750;{334: ['Filmin']}
751;{96721: ['Tivify']}
752;[]
753;{843241: ['Netflix', 'Netflix Standard with Ads']}
754;{12516: ['Filmin']}
755;{20139: ['Amazon Prime Video', 'Filmin']}
756;{374473: ['Amazon Prime Video', 'Filmin']}
757;{22596: ['Filmin']}
758;{502033: ['Amazon Prime Video']}
759;{297222: ['Netflix', 'Netflix Standard with Ads']}
760;{2204: ['Amazon Prime Video', 'Acontra Plus']}
761;{162: ['Disney Plus', 'Movistar Plus+', 'Movistar Plus+ Ficción Total ', 'Filmin']}
762;{950396: ['Apple TV+', 'Apple TV Plus Amazon Channel']}
763;{48831: ['Filmin', 'Acontra Plus', 'Acontra Plus Amazon Channel']}
764;{688: ['Movistar Plus+ Ficción Total ', 'Filmin', 'Max  Originals Amazon Channel']}
765;{221732: ['Netflix', 'Netflix Standard with Ads']}
766;[]
767;[]
768;[]
769;{573699: ['Filmin']}
770;{14811: ['Movistar Plus+', 'Movistar Plus+ Ficción Total ', 'MGM Plus Amazon Channel']}
771;{272: ['Netflix', 'Amazon Prime Video', 'Max', 'Netflix Standard with Ads', 'Max  Originals Amazon Channel']}
772;{30018: ['Filmin']}
773;{24657: ['Filmin', 'MUBI', 'MUBI Amazon Channel']}
774;{9806: ['Disney Plus']}
775;{656563: ['Netflix', 'Netflix Standard with Ads']}
776;{451945: ['Movistar Plus+', 'Movistar Plus+ Ficción Total ', 'Filmin']}
777;{234200: ['Filmin']}
778;{30588: ['Filmin', 'Acontra Plus', 'Acontra Plus Amazon Channel']}
779;[]
780;{963: ['Movistar Plus+', 'Movistar Plus+ Ficción Total ', 'Filmin']}
781;{672: ['Movistar Plus+ Ficción Total ', 'Max', 'Max  Originals Amazon Channel']}
782;{776305: ['Amazon Prime Video', 'Movistar Plus+', 'Movistar Plus+ Ficción Total ', 'Acontra Plus']}
783;{40619: ['Disney Plus']}
784;{23832: ['Filmin']}
785;[]
786;{5544: ['Movistar Plus+', 'Movistar Plus+ Ficción Total ', 'Filmin', 'Acontra Plus', 'Acontra Plus Amazon Channel']}
787;[]
788;{242582: ['Tivify']}
789;{8016: ['Filmin', 'FlixOlé', 'FlixOlé Amazon Channel']}
790;{851: ['Amazon Prime Video', 'Filmin', 'FlixOlé']}
791;[]
792;[]
793;[]
794;{137182: ['Movistar Plus+', 'Movistar Plus+ Ficción Total ', 'Filmin']}
795;[]
796;{770254: ['Netflix', 'Netflix Standard with Ads']}
797;{4480: ['Acontra Plus', 'Acontra Plus Amazon Channel']}
798;{336: ['Filmin', 'MGM Plus Amazon Channel']}
799;{1002185: ['Amazon Prime Video']}
800;[]
801;{5910: ['Filmin']}
802;{499: ['Acontra Plus', 'Acontra Plus Amazon Channel']}
803;[]
804;{13187: ['Apple TV+', 'Apple TV Plus Amazon Channel']}
805;{3114: ['Filmin']}
806;{359784: ['Amazon Prime Video', 'Filmin']}
807;{613868: ['Dekkoo']}
808;{597316: ['Netflix', 'Netflix Standard with Ads']}
809;{766507: ['Disney Plus']}
810;{393729: ['Netflix', 'Netflix Standard with Ads']}
811;{773: ['Disney Plus']}
812;{336808: ['Filmin', 'Acontra Plus', 'Acontra Plus Amazon Channel']}
813;{9023: ['Netflix', 'Netflix Standard with Ads']}
814;{632: ['Filmin']}
815;{506574: ['Disney Plus']}
816;{286217: ['Disney Plus', 'Movistar Plus+', 'Movistar Plus+ Ficción Total ']}
817;[]
818;{792307: ['Disney Plus', 'Movistar Plus+ Ficción Total ', 'Max', 'Max  Originals Amazon Channel']}
819;{672322: ['Netflix', 'Netflix Standard with Ads']}
820;{713776: ['Netflix', 'Netflix Standard with Ads']}
821;{556984: ['Netflix', 'Netflix Standard with Ads']}
822;{44214: ['Disney Plus']}
823;[]
824;{11220: ['Filmin']}
825;{2433: ['Movistar Plus+', 'Movistar Plus+ Ficción Total ', 'Acontra Plus', 'Acontra Plus Amazon Channel']}
826;[]
827;[]
828;[]
829;[]
830;[]
831;{767: ['Movistar Plus+ Ficción Total ', 'Max', 'Max  Originals Amazon Channel']}
832;{840430: ['SkyShowtime']}
833;{2493: ['Lionsgate+ Amazon Channels']}
834;[]
835;{726759: ['Apple TV+', 'Apple TV Plus Amazon Channel']}
836;{177945: ['Movistar Plus+', 'Movistar Plus+ Ficción Total ', 'Filmin']}
837;[]
838;{479718: ['Filmin']}
839;[]
840;[]
841;{10757: ['Netflix', 'Netflix Standard with Ads']}
842;{675: ['Movistar Plus+ Ficción Total ', 'Max', 'Max  Originals Amazon Channel']}
843;{11787: ['Filmin']}
844;{965150: ['Movistar Plus+', 'Movistar Plus+ Ficción Total ', 'MUBI', 'MUBI Amazon Channel']}
845;{724495: ['Amazon Prime Video']}
846;[]
847;[]
848;[]
849;{508439: ['Disney Plus']}
850;[]
851;{22881: ['Netflix', 'Netflix Standard with Ads']}
852;{4808: ['Amazon Prime Video', 'Filmin', 'Acontra Plus']}
853;{1632: ['MGM Plus Amazon Channel']}
854;{653: ['Filmin', 'Cultpix']}
855;{288: ['Movistar Plus+ Ficción Total ', 'Filmin', 'SkyShowtime']}
856;{13830: ['Amazon Prime Video']}
857;{993: ['Amazon Prime Video', 'Filmin', 'Acontra Plus', 'Acontra Plus Amazon Channel']}
858;{990: ['Filmin']}
859;[]
860;[]
861;[]
862;{51739: ['Netflix', 'Netflix Standard with Ads']}
863;{845: ['Filmin']}
864;{578: ['Movistar Plus+ Ficción Total ', 'Filmin', 'SkyShowtime']}
865;{218: ['Amazon Prime Video']}
866;[]
867;{1587: ['Amazon Prime Video', 'Movistar Plus+', 'Movistar Plus+ Ficción Total ', 'FlixOlé']}
868;[]
869;[]
870;{12219: ['MGM Plus Amazon Channel']}
871;[]
872;{108: ['Movistar Plus+', 'Movistar Plus+ Ficción Total ', 'Filmin']}
873;[]
874;[]
875;[]
876;{8358: ['Movistar Plus+ Ficción Total ', 'SkyShowtime']}
877;{9912: ['Acontra Plus', 'Acontra Plus Amazon Channel']}
878;{352173: ['Netflix', 'Netflix Standard with Ads']}
879;{1904: ['Netflix', 'Netflix Standard with Ads', 'Tivify']}
880;{1592: ['Netflix', 'Netflix Standard with Ads']}
881;{25188: ['Amazon Prime Video']}
882;{414906: ['Max', 'Max  Originals Amazon Channel']}
883;{100402: ['Disney Plus']}
884;{30020: ['Filmin']}
885;[]
886;{247: ['MGM Plus Amazon Channel']}
887;{261: ['Movistar Plus+', 'Movistar Plus+ Ficción Total ', 'Filmin']}
888;[]
889;[]
890;[]
891;[]
892;{812: ['Disney Plus']}
893;[]
894;[]
895;{1027014: ['Netflix', 'Netflix Standard with Ads']}
896;{81401: ['Filmin']}
897;[]
898;[]
899;[]
900;{4497: ['Movistar Plus+', 'Movistar Plus+ Ficción Total ', 'FlixOlé', 'FlixOlé Amazon Channel']}
901;{891: ['Movistar Plus+', 'Movistar Plus+ Ficción Total ']}
902;[]
903;{10633: ['Amazon Prime Video']}
904;[]
905;{110160: ['Filmin']}
906;{16306: ['MUBI', 'MUBI Amazon Channel']}
907;{12548: ['Amazon Prime Video', 'Movistar Plus+', 'Movistar Plus+ Ficción Total ', 'FlixOlé', 'FlixOlé Amazon Channel']}
908;{99: ['Netflix', 'Movistar Plus+', 'Movistar Plus+ Ficción Total ', 'Netflix Standard with Ads']}
909;{728118: ['Filmin', 'Tivify']}
910;{13929: ['Disney Plus']}
911;{14813: ['Disney Plus']}
912;{871: ['Disney Plus', 'Movistar Plus+', 'Movistar Plus+ Ficción Total ', 'Filmin']}
913;{164: ['Tivify']}
914;{4347: ['Netflix', 'Amazon Prime Video', 'Filmin', 'Netflix Standard with Ads']}
915;{864101: ['Amazon Prime Video']}
916;{508933: ['Netflix', 'Netflix Standard with Ads']}
917;{471707: ['Movistar Plus+', 'Movistar Plus+ Ficción Total ', 'Filmin']}
918;{426426: ['Netflix', 'Netflix Standard with Ads']}
919;{496450: ['Netflix', 'Netflix Standard with Ads']}
920;{1678: ['Filmin']}
921;[]
922;{342470: ['Netflix', 'Netflix Standard with Ads']}
923;[]
924;[]
925;{580175: ['Movistar Plus+', 'Movistar Plus+ Ficción Total ', 'Filmin', 'Max', 'Max  Originals Amazon Channel']}
926;{381289: ['FilmBox+', 'Tivify']}
927;{37247: ['Amazon Prime Video', 'Filmin']}
928;[]
929;{212: ['Movistar Plus+', 'Movistar Plus+ Ficción Total ', 'Filmin']}
930;{10637: ['Disney Plus']}
931;{38251: ['Filmin', 'Acontra Plus', 'Acontra Plus Amazon Channel']}
932;{614917: ['Netflix', 'Netflix Standard with Ads']}
933;{583083: ['Netflix', 'Netflix Standard with Ads']}
934;{228205: ['Disney Plus']}
935;{981: ['Movistar Plus+', 'Movistar Plus+ Ficción Total ', 'Filmin']}
936;[]
937;[]
938;{19101: ['Netflix', 'Netflix Standard with Ads']}
939;{13363: ['Amazon Prime Video']}
940;[]
941;{513434: ['Amazon Prime Video']}
942;{137113: ['Netflix', 'Amazon Prime Video', 'Movistar Plus+', 'Movistar Plus+ Ficción Total ', 'Netflix Standard with Ads']}
943;{74308: ['Filmin']}
944;[]
945;{627725: ['Apple TV+', 'Apple TV Plus Amazon Channel']}
946;{498249: ['Netflix', 'Netflix Standard with Ads']}
947;[]
948;[]
949;{4995: ['Filmin']}
950;{650: ['Netflix Standard with Ads']}
951;{207703: ['Disney Plus', 'Movistar Plus+ Ficción Total ', 'Max', 'Netflix Standard with Ads', 'Max  Originals Amazon Channel']}
952;[]
953;{10322: ['Filmin']}
954;{744114: ['Amazon Prime Video']}
955;[]
956;{320007: ['Filmin']}
957;[]
958;[]
959;{11657: ['Amazon Prime Video', 'Movistar Plus+', 'Movistar Plus+ Ficción Total ', 'Filmin']}
960;[]
961;{581577: ['Filmin']}
962;[]
963;{293660: ['Disney Plus']}
964;{76341: ['Netflix', 'Amazon Prime Video', 'Max', 'Netflix Standard with Ads', 'Max  Originals Amazon Channel']}
965;{4495: ['Netflix', 'FlixOlé', 'FlixOlé Amazon Channel', 'Netflix Standard with Ads']}
966;{995: ['Filmin', 'Acontra Plus', 'Acontra Plus Amazon Channel']}
967;{643: ['Filmin']}
968;{966220: ['Filmin']}
969;{624932: ['Netflix', 'Netflix Standard with Ads']}
970;{225745: ['Filmin']}
971;{26371: ['Amazon Prime Video', 'Filmin']}
972;{976573: ['Disney Plus']}
973;[]
974;{537116: ['Netflix', 'Netflix Standard with Ads']}
975;{419430: ['Movistar Plus+', 'Movistar Plus+ Ficción Total ']}
976;{768744: ['Netflix', 'Amazon Prime Video', 'Netflix Standard with Ads']}
977;[]
978;[]
979;{25768: ['Filmin', 'Acontra Plus']}
980;[]
981;{1093: ['Amazon Prime Video', 'Movistar Plus+', 'Movistar Plus+ Ficción Total ', 'Filmin', 'Acontra Plus']}
982;{417261: ['Movistar Plus+ Ficción Total ']}
983;{10331: ['Amazon Prime Video', 'Filmin', 'FlixOlé', 'Cultpix']}
984;{137: ['Filmin']}
985;{329865: ['Amazon Prime Video', 'Movistar Plus+ Ficción Total ', 'Max', 'Tivify', 'Max  Originals Amazon Channel']}
986;[]
987;{1933: ['Netflix', 'Movistar Plus+', 'Movistar Plus+ Ficción Total ', 'FlixOlé', 'Netflix Standard with Ads']}
988;{793: ['Filmin']}
989;{348678: ['Amazon Prime Video', 'Movistar Plus+', 'Movistar Plus+ Ficción Total ', 'Filmin']}
990;{283995: ['Disney Plus']}
991;{9693: ['Movistar Plus+', 'Movistar Plus+ Ficción Total ', 'Filmin']}
992;{9444: ['Disney Plus', 'Movistar Plus+', 'Movistar Plus+ Ficción Total ']}
993;[]
994;{309809: ['Filmin']}
995;{76600: ['Disney Plus']}
996;[]
997;{702: ['Filmin']}
998;{618588: ['Amazon Prime Video']}
999;{42987: ['Filmin']}
1000;[]
1001;[]
1002;{466282: ['Netflix', 'Netflix Standard with Ads']}
1003;{38757: ['Disney Plus']}
1004;{15137: ['Amazon Prime Video']}
1005;{746: ['Filmin', 'Acontra Plus', 'Acontra Plus Amazon Channel']}
1006;[]
1007;{11321: ['Movistar Plus+', 'Movistar Plus+ Ficción Total ']}
1008;{819: ['Movistar Plus+ Ficción Total ', 'Filmin', 'SkyShowtime']}
1009;[]
1010;{21191: ['Movistar Plus+ Ficción Total ', 'SkyShowtime']}
1011;{976: ['Amazon Prime Video', 'Filmin']}
1012;{642: ['Disney Plus', 'Movistar Plus+', 'Movistar Plus+ Ficción Total ', 'Filmin']}
1013;{678: ['Movistar Plus+', 'Movistar Plus+ Ficción Total ', 'FlixOlé', 'FlixOlé Amazon Channel']}
1014;[]
1015;[]
1016;[]
1017;{1712: ['Movistar Plus+', 'Movistar Plus+ Ficción Total ']}
1018;[]
1019;{63: ['Movistar Plus+', 'Movistar Plus+ Ficción Total ', 'Filmin', 'SkyShowtime']}
1020;{63: ['Movistar Plus+', 'Movistar Plus+ Ficción Total ', 'Filmin', 'SkyShowtime']}
1021;[]
1022;[]
1023;[]
1024;[]
1025;{533535: ['Disney Plus']}
1026;{1654: ['Movistar Plus+', 'Movistar Plus+ Ficción Total ']}
1027;{863: ['Disney Plus']}
1028;{28145: ['Filmin']}
1029;{20992: ['Filmin']}
1030;{1541: ['Amazon Prime Video']}
1031;{244: ['Amazon Prime Video', 'FlixOlé']}
1032;{530079: ['Filmin']}
1033;{820: ['Disney Plus', 'Movistar Plus+', 'Movistar Plus+ Ficción Total ']}
1034;{597922: ['Apple TV+', 'Apple TV Plus Amazon Channel']}
1035;[]
1036;{284427: ['Filmin', 'Acontra Plus', 'Acontra Plus Amazon Channel']}
1037;{17057: ['Amazon Prime Video', 'Filmin']}
1038;{71: ['Amazon Prime Video', 'Filmin']}
1039;[]
1040;{4951: ['Disney Plus']}
1041;{910: ['Movistar Plus+', 'Movistar Plus+ Ficción Total ']}
1042;{568124: ['Disney Plus']}
1043;{10835: ['Filmin']}
1044;{4481: ['Acontra Plus', 'Acontra Plus Amazon Channel']}
1045;{398978: ['Netflix', 'Netflix Standard with Ads']}
1046;{283587: ['Netflix', 'Netflix Standard with Ads']}
1047;{10754: ['Filmin']}
1048;{4922: ['Netflix', 'Movistar Plus+', 'Movistar Plus+ Ficción Total ', 'Max', 'Netflix Standard with Ads', 'Max  Originals Amazon Channel']}
1049;[]
1050;[]
1051;{21575: ['Movistar Plus+', 'Movistar Plus+ Ficción Total ', 'Acontra Plus', 'Acontra Plus Amazon Channel']}
1052;{333339: ['Netflix', 'Amazon Prime Video', 'Movistar Plus+', 'Movistar Plus+ Ficción Total ', 'Netflix Standard with Ads']}
1053;{4982: ['Movistar Plus+', 'Movistar Plus+ Ficción Total ']}
1054;{870: ['Amazon Prime Video', 'Filmin']}
1055;{630: ['Max']}
1056;[]
1057;{315846: ['Movistar Plus+', 'Movistar Plus+ Ficción Total ', 'Filmin']}
1058;{19995: ['Disney Plus']}
1059;[]
1060;[]
1061;{1579: ['Amazon Prime Video', 'Tivify']}
1062;{284053: ['Disney Plus']}
1063;{9289: ['Filmin']}
1064;[]
1065;{431693: ['Disney Plus']}
1066;[]
1067;{707886: ['Netflix', 'Netflix Standard with Ads']}
1068;{17058: ['Filmin', 'FlixOlé', 'Cultpix', 'Acontra Plus', 'Acontra Plus Amazon Channel']}
1069;[]
1070;[]
1071;{221731: ['Netflix', 'Netflix Standard with Ads']}
1072;[]
1073;{31417: ['Filmin', 'Acontra Plus', 'Acontra Plus Amazon Channel']}
1074;{1544: ['Amazon Prime Video']}
1075;{64: ['Netflix', 'Movistar Plus+', 'Movistar Plus+ Ficción Total ', 'Netflix Standard with Ads']}
1076;{335984: ['Netflix', 'Amazon Prime Video', 'Movistar Plus+ Ficción Total ', 'Max', 'Netflix Standard with Ads', 'Max  Originals Amazon Channel']}
1077;[]
1078;{795514: ['Movistar Plus+ Ficción Total ', 'Max', 'Max  Originals Amazon Channel']}
1079;{20108: ['Filmin', 'Acontra Plus', 'Acontra Plus Amazon Channel']}
1080;{3933: ['Netflix', 'Movistar Plus+', 'Movistar Plus+ Ficción Total ', 'Netflix Standard with Ads']}
1081;{1954: ['Movistar Plus+', 'Movistar Plus+ Ficción Total ']}
1082;[]
1083;{940721: ['Netflix', 'Netflix Standard with Ads']}
1084;{399566: ['Movistar Plus+', 'Movistar Plus+ Ficción Total ', 'Max', 'Max  Originals Amazon Channel']}
1085;[]
1086;{756999: ['Netflix', 'Netflix Standard with Ads']}
1087;{586863: ['Amazon Prime Video', 'Filmin']}
1088;{10363: ['Movistar Plus+', 'Movistar Plus+ Ficción Total ', 'Filmin']}
1089;[]
1090;{596054: ['Netflix', 'Movistar Plus+ Ficción Total ', 'SkyShowtime', 'Netflix Standard with Ads']}
1091;{489999: ['Amazon Prime Video']}
1092;[]
1093;{13562: ['Filmin']}
1094;[]
1095;{12102: ['Filmin']}
1096;{306819: ['Amazon Prime Video', 'Movistar Plus+ Ficción Total ', 'SkyShowtime']}
1097;{2013: ['Amazon Prime Video']}
1098;{277834: ['Disney Plus']}
1099;{1628: ['Filmin']}
1100;{514754: ['Disney Plus']}
1101;{401698: ['OUTtv Amazon Channel']}
1102;{47909: ['Filmin']}
1103;{8429: ['Amazon Prime Video', 'Filmin']}
1104;{1913: ['Netflix', 'Movistar Plus+', 'Movistar Plus+ Ficción Total ', 'FlixOlé', 'Netflix Standard with Ads']}
1105;[]
1106;{17431: ['Amazon Prime Video', 'Filmin']}
1107;{3558: ['Netflix', 'Netflix Standard with Ads']}
1108;{2649: ['Filmin']}
1109;{682507: ['Amazon Prime Video']}
1110;{36095: ['Amazon Prime Video']}
1111;{18329: ['Movistar Plus+', 'Movistar Plus+ Ficción Total ', 'Filmin']}
1112;{433: ['Disney Plus']}
1113;{838209: ['Movistar Plus+', 'Movistar Plus+ Ficción Total ']}
1114;{4638: ['Movistar Plus+', 'Movistar Plus+ Ficción Total ']}
1115;{948: ['Cultpix']}
1116;[]
1117;[]
1118;[]
1119;{782: ['Filmin']}
1120;{8327: ['Filmin', 'Cultpix']}
1121;[]
1122;{1022789: ['Disney Plus']}
1123;[]
1124;{11159: ['Filmin', 'Acontra Plus', 'Acontra Plus Amazon Channel']}
1125;[]
1126;{1061699: ['Netflix', 'Netflix Standard with Ads']}
1127;{11688: ['Disney Plus']}
1128;{9016: ['Disney Plus']}
1129;{921: ['Disney Plus']}
1130;{783: ['Filmin']}
1131;{507569: ['Netflix', 'Netflix Standard with Ads']}
1132;[]
1133;[]
1134;{929204: ['Netflix', 'Netflix Standard with Ads']}
1135;{429450: ['Netflix', 'Netflix Standard with Ads']}
1136;{899405: ['Netflix', 'Netflix Standard with Ads']}
1137;{484468: ['Netflix', 'Netflix Standard with Ads']}
1138;{451915: ['Amazon Prime Video', 'Filmin']}
1139;{5165: ['Filmin']}
1140;{824: ['Disney Plus', 'Movistar Plus+', 'Movistar Plus+ Ficción Total ']}
1141;[]
1142;[]
1143;{907: ['Movistar Plus+', 'Movistar Plus+ Ficción Total ']}
1144;{638: ['Movistar Plus+', 'Movistar Plus+ Ficción Total ', 'Filmin', 'MUBI']}
1145;{9394: ['FlixOlé', 'FlixOlé Amazon Channel']}
1146;[]
1147;{475888: ['Amazon Prime Video']}
1148;{334541: ['Netflix', 'Movistar Plus+ Ficción Total ', 'SkyShowtime', 'Netflix Standard with Ads']}
1149;{71859: ['Movistar Plus+', 'Movistar Plus+ Ficción Total ', 'Filmin']}
1150;[]
1151;{722778: ['Netflix', 'Netflix Standard with Ads']}
1152;{1372: ['Netflix', 'Netflix Standard with Ads']}
1153;{881: ['Filmin']}
1154;{319: ['Amazon Prime Video', 'Filmin']}
1155;{220: ['Movistar Plus+', 'Movistar Plus+ Ficción Total ']}
1156;{915935: ['Movistar Plus+', 'Movistar Plus+ Ficción Total ', 'Filmin']}
1157;{481848: ['Disney Plus']}
1158;{228326: ['Disney Plus']}
1159;{22292: ['Filmin']}
1160;[]
1161;{850165: ['Movistar Plus+', 'Movistar Plus+ Ficción Total ']}
1162;{848685: ['Netflix', 'Netflix Standard with Ads']}
1163;[]
1164;{552178: ['Netflix', 'Netflix Standard with Ads', 'Lionsgate+ Amazon Channels']}
1165;[]
1166;[]
1167;{16391: ['Amazon Prime Video', 'Filmin']}
1168;[]
1169;{204553: ['Kocowa']}
1170;{178682: ['Disney Plus']}
1171;{41411: ['Filmin']}
1172;[]
1173;[]
1174;{228150: ['Netflix', 'Netflix Standard with Ads']}
1175;{138843: ['Netflix', 'Netflix Standard with Ads']}
1176;{730840: ['Netflix', 'Netflix Standard with Ads']}
1177;{416144: ['Filmin']}
1178;{200481: ['Disney Plus']}
1179;{109424: ['Movistar Plus+', 'Movistar Plus+ Ficción Total ']}
1180;{19413: ['Amazon Prime Video']}
1181;{967: ['Movistar Plus+', 'Movistar Plus+ Ficción Total ', 'Filmin']}
1182;{83389: ['Netflix', 'Netflix Standard with Ads']}
1183;[]
1184;{13310: ['Amazon Prime Video', 'Filmin', 'Acontra Plus']}
1185;{11544: ['Disney Plus']}
1186;{747: ['Netflix', 'Filmin', 'Netflix Standard with Ads']}
1187;[]
1188;[]
1189;{9366: ['Movistar Plus+', 'Movistar Plus+ Ficción Total ']}
1190;[]
1191;{9040: ['Movistar Plus+', 'Movistar Plus+ Ficción Total ', 'Filmin']}
1192;{612706: ['Netflix', 'Netflix Standard with Ads']}
1193;[]
1194;{281957: ['Netflix', 'Disney Plus', 'Amazon Prime Video', 'Netflix Standard with Ads', 'AMC+ Amazon Channel', 'AMC Plus Apple TV Channel ']}
1195;[]
1196;[]
1197;{106: ['Disney Plus']}
1198;[]
1199;[]
1200;{575264: ['Netflix', 'Movistar Plus+', 'Movistar Plus+ Ficción Total ', 'Netflix Standard with Ads']}
1201;{483184: ['Amazon Prime Video', 'Filmin']}
1202;{111083: ['Movistar Plus+ Ficción Total ', 'SkyShowtime', 'Max']}
1203;{13396: ['Filmin']}
1204;{4909: ['Movistar Plus+ Ficción Total ', 'Filmin', 'SkyShowtime']}
1205;{900: ['FlixOlé', 'FlixOlé Amazon Channel']}
1206;{626872: ['Amazon Prime Video']}
1207;[]
1208;{127585: ['Disney Plus']}
1209;[]
1210;{30368: ['Filmin']}
1211;[]
1212;[]
1213;{11178: ['Amazon Prime Video', 'Filmin']}
1214;{4550: ['Movistar Plus+', 'Movistar Plus+ Ficción Total ', 'Filmin']}
1215;{575604: ['Netflix', 'Netflix Standard with Ads']}
1216;{24807: ['Movistar Plus+', 'Movistar Plus+ Ficción Total ']}
1217;{1949: ['Netflix', 'Amazon Prime Video', 'Movistar Plus+', 'Movistar Plus+ Ficción Total ', 'Filmin', 'Netflix Standard with Ads']}
1218;{856: ['Disney Plus']}
1219;{15371: ['Movistar Plus+', 'Movistar Plus+ Ficción Total ']}
1220;{15371: ['Movistar Plus+', 'Movistar Plus+ Ficción Total ']}
1221;{9495: ['Netflix', 'Filmin', 'Netflix Standard with Ads']}
1222;[]
1223;{4553: ['Netflix', 'Netflix Standard with Ads']}
1224;{3116: ['MGM Plus Amazon Channel']}
1225;{127533: ['Netflix', 'Netflix Standard with Ads']}
1226;[]
1227;{59436: ['Amazon Prime Video', 'Movistar Plus+ Ficción Total ', 'Max', 'Max  Originals Amazon Channel']}
1228;{3482: ['Filmin', 'MGM Plus Amazon Channel']}
1229;{982: ['MGM Plus Amazon Channel']}
1230;{614409: ['Netflix', 'Netflix Standard with Ads']}
1231;{566525: ['Disney Plus']}
1232;[]
1233;[]
1234;{10778: ['Filmin']}
1235;{615: ['Netflix', 'Netflix Standard with Ads']}
1236;[]
1237;{265169: ['Filmin']}
1238;{456929: ['Movistar Plus+ Ficción Total ', 'SkyShowtime']}
1239;{269: ['Filmin']}
1240;{451657: ['Filmin', 'FlixOlé']}
1241;{43904: ['Filmin', 'Acontra Plus', 'Acontra Plus Amazon Channel']}
1242;{11506: ['Filmin', 'Acontra Plus', 'Acontra Plus Amazon Channel']}
1243;[]
1244;{339: ['Filmin']}
1245;[]
1246;{10161: ['Amazon Prime Video', 'Filmin', 'FlixOlé']}
1247;{571: ['Filmin']}
1248;[]
1249;[]
1250;[]
1251;{780382: ['Tivify']}
1252;{491418: ['Netflix', 'Netflix Standard with Ads']}
1253;{668742: ['Amazon Prime Video']}
1254;{607259: ['Netflix', 'Netflix Standard with Ads']}
1255;{433471: ['Disney Plus']}
1256;[]
1257;{11782: ['Filmin']}
1258;{9340: ['Netflix', 'Netflix Standard with Ads']}
1259;{5143: ['Amazon Prime Video']}
1260;{592: ['Filmin']}
1261;{11046: ['Movistar Plus+', 'Movistar Plus+ Ficción Total ']}
1262;{601: ['Amazon Prime Video', 'Movistar Plus+ Ficción Total ', 'Filmin', 'SkyShowtime']}
1263;{588228: ['Amazon Prime Video']}
1264;{256040: ['Netflix', 'Netflix Standard with Ads']}
1265;{132344: ['Amazon Prime Video', 'Movistar Plus+', 'Movistar Plus+ Ficción Total ', 'Filmin', 'Max', 'Acontra Plus', 'Max  Originals Amazon Channel']}
1266;{13413: ['Disney Plus']}
1267;[]
1268;{648: ['Filmin', 'Acontra Plus', 'Acontra Plus Amazon Channel']}
1269;[]
1270;[]
1271;[]
1272;{179144: ['Filmin', 'Tivify']}
1273;{11686: ['Amazon Prime Video']}
1274;{10734: ['Netflix', 'Netflix Standard with Ads']}
1275;{810171: ['Disney Plus']}
1276;{552095: ['Movistar Plus+ Ficción Total ', 'SkyShowtime']}
1277;[]
1278;{10110: ['Movistar Plus+', 'Movistar Plus+ Ficción Total ', 'Filmin']}
1279;{4291: ['Filmin']}
1280;{3767: ['Filmin', 'Tivify']}
1281;{966: ['MGM Plus Amazon Channel']}
1282;{6620: ['Tivify']}
1283;[]
1284;[]
1285;{13353: ['Apple TV+', 'Apple TV Plus Amazon Channel']}
1286;{2034: ['Amazon Prime Video']}
1287;{1859: ['Movistar Plus+', 'Movistar Plus+ Ficción Total ', 'Filmin']}
1288;{216156: ['Filmin', 'Acontra Plus', 'Acontra Plus Amazon Channel']}
1289;{21734: ['Filmin']}
1290;[]
1291;[]
1292;{16328: ['FlixOlé', 'FlixOlé Amazon Channel']}
1293;[]
1294;{11040: ['Filmin']}
1295;{1786: ['Movistar Plus+', 'Movistar Plus+ Ficción Total ', 'Filmin', 'Acontra Plus', 'Acontra Plus Amazon Channel']}
1296;{69: ['Disney Plus']}
1297;{375262: ['Disney Plus', 'Movistar Plus+', 'Movistar Plus+ Ficción Total ']}
1298;{31682: ['Filmin']}
1299;{544510: ['Amazon Prime Video', 'Acontra Plus']}
1300;[]
1301;{483983: ['Filmin']}
1302;{25468: ['Acontra Plus', 'Acontra Plus Amazon Channel']}
1303;{10604: ['Filmin']}
1304;[]
1305;{599521: ['Disney Plus']}
1306;[]
1307;{332562: ['Netflix', 'Amazon Prime Video', 'Netflix Standard with Ads']}
1308;{258480: ['Amazon Prime Video', 'Movistar Plus+', 'Movistar Plus+ Ficción Total ', 'Filmin']}
1309;{63311: ['Netflix', 'Movistar Plus+', 'Movistar Plus+ Ficción Total ', 'Netflix Standard with Ads']}
1310;{11970: ['Disney Plus']}
1311;{8073: ['Movistar Plus+', 'Movistar Plus+ Ficción Total ', 'Filmin', 'Acontra Plus', 'Acontra Plus Amazon Channel']}
1312;[]
1313;{614934: ['Netflix', 'Amazon Prime Video', 'Netflix Standard with Ads']}
1314;{487558: ['Amazon Prime Video', 'Movistar Plus+ Ficción Total ', 'SkyShowtime']}
1315;{468284: ['Filmin', 'Acontra Plus', 'Acontra Plus Amazon Channel']}
1316;{345938: ['Lionsgate+ Amazon Channels']}
1317;{11906: ['Filmin', 'Acontra Plus', 'Acontra Plus Amazon Channel']}
1318;{3001: ['Filmin']}
1319;{470878: ['Amazon Prime Video', 'Filmin', 'Acontra Plus']}
1320;{11906: ['Filmin', 'Acontra Plus', 'Acontra Plus Amazon Channel']}
1321;{192: ['Netflix', 'Amazon Prime Video', 'Filmin', 'Acontra Plus', 'Netflix Standard with Ads']}
1322;[]
1323;{676701: ['Netflix', 'Netflix Standard with Ads']}
1324;[]
1325;{330459: ['Disney Plus']}
1326;{25934: ['Amazon Prime Video', 'Movistar Plus+', 'Movistar Plus+ Ficción Total ', 'Filmin']}
1327;[]
1328;{11841: ['Amazon Prime Video', 'MUBI', 'MUBI Amazon Channel']}
1329;[]
1330;[]
1331;{364137: ['Amazon Prime Video', 'Filmin']}
1332;{203833: ['Disney Plus']}
1333;{10377: ['Disney Plus']}
1334;{620: ['Filmin']}
1335;[]
1336;{16858: ['Movistar Plus+', 'Movistar Plus+ Ficción Total ']}
1337;[]
1338;{1051: ['Disney Plus']}
1339;{776: ['Filmin', 'Acontra Plus', 'Acontra Plus Amazon Channel']}
1340;[]
1341;{31767: ['Filmin']}
1342;[]
1343;[]
1344;{828613: ['Amazon Prime Video']}
1345;{586940: ['Netflix', 'Netflix Standard with Ads']}
1346;{383498: ['Disney Plus']}
1347;{1368: ['fuboTV']}
1348;{11978: ['Disney Plus']}
1349;{437586: ['Filmin']}
1350;{436969: ['Movistar Plus+ Ficción Total ', 'Max', 'Max  Originals Amazon Channel']}
1351;[]
1352;{14919: ['Movistar Plus+', 'Movistar Plus+ Ficción Total ', 'Max', 'Max  Originals Amazon Channel']}
1353;{1600: ['Movistar Plus+', 'Movistar Plus+ Ficción Total ', 'Filmin']}
1354;{551332: ['Netflix', 'Netflix Standard with Ads']}
1355;[]
1356;[]
1357;[]
1358;{11202: ['Filmin']}
1359;[]
1360;[]
1361;{522: ['Disney Plus', 'Filmin']}
1362;{145: ['Filmin']}
1363;[]
1364;[]
1365;[]
1366;{475: ['Filmin']}
1367;{345: ['Netflix', 'Movistar Plus+ Ficción Total ', 'Netflix Standard with Ads']}
1368;{18900: ['Movistar Plus+', 'Movistar Plus+ Ficción Total ']}
1369;{196: ['Movistar Plus+', 'Movistar Plus+ Ficción Total ', 'Filmin', 'SkyShowtime']}
1370;[]
1371;{284293: ['Movistar Plus+', 'Movistar Plus+ Ficción Total ', 'Filmin']}
1372;[]
1373;{1294203: ['Amazon Prime Video']}
1374;[]
1375;{3529: ['Amazon Prime Video', 'Filmin']}
1376;{786892: ['Movistar Plus+', 'Movistar Plus+ Ficción Total ', 'Max', 'Max  Originals Amazon Channel']}
1377;[]
1378;{34106: ['Movistar Plus+', 'Movistar Plus+ Ficción Total ']}
1379;[]
1380;{550988: ['Disney Plus']}
1381;[]
1382;{252: ['Filmin']}
1383;{13528: ['Filmin']}
1384;{8333: ['Amazon Prime Video']}
1385;{13930: ['Disney Plus']}
1386;{11327: ['Filmin']}
1387;{9559: ['Movistar Plus+', 'Movistar Plus+ Ficción Total ', 'Filmin']}
1388;{37903: ['Movistar Plus+', 'Movistar Plus+ Ficción Total ', 'Filmin', 'Acontra Plus', 'Acontra Plus Amazon Channel']}
1389;[]
1390;{431937: ['Amazon Prime Video', 'Filmin']}
1391;[]
1392;{301528: ['Disney Plus']}
1393;{11798: ['Amazon Prime Video', 'Filmin']}
1394;{4593: ['Filmin']}
1395;{983: ['Filmin']}
1396;{430: ['Amazon Prime Video', 'Filmin']}
1397;{1251: ['Movistar Plus+', 'Movistar Plus+ Ficción Total ']}
1398;[]
1399;[]
1400;[]
1401;{11344: ['Amazon Prime Video']}
1402;{9299: ['Netflix', 'Disney Plus', 'Movistar Plus+', 'Movistar Plus+ Ficción Total ', 'FlixOlé', 'FlixOlé Amazon Channel', 'Netflix Standard with Ads']}
1403;{8740: ['Filmin']}
1404;[]
1405;[]
1406;[]
1407;{74879: ['Filmin']}
1408;{2000: ['Amazon Prime Video']}
1409;{660120: ['Filmin', 'Max', 'Max  Originals Amazon Channel']}
1410;[]
1411;[]
1412;{11016: ['Movistar Plus+', 'Movistar Plus+ Ficción Total ']}
1413;[]
1414;{239571: ['Tivify']}
1415;[]
1416;{32761: ['Acontra Plus', 'Acontra Plus Amazon Channel']}
1417;[]
1418;{11421: ['Movistar Plus+', 'Movistar Plus+ Ficción Total ', 'Acontra Plus']}
1419;{219: ['Netflix', 'Movistar Plus+', 'Movistar Plus+ Ficción Total ', 'Netflix Standard with Ads']}
1420;{219: ['Netflix', 'Movistar Plus+', 'Movistar Plus+ Ficción Total ', 'Netflix Standard with Ads']}
1421;{1076364: ['Disney Plus']}
1422;{666243: ['Netflix', 'Netflix Standard with Ads']}
1423;{9428: ['Disney Plus']}
1424;{8055: ['Lionsgate+ Amazon Channels']}
1425;{625: ['Filmin']}
1426;{10907: ['Amazon Prime Video', 'Filmin']}
1427;{2501: ['SkyShowtime']}
1428;{898: ['Amazon Prime Video']}
1429;{529216: ['Netflix', 'Netflix Standard with Ads']}
1430;{507089: ['Movistar Plus+ Ficción Total ', 'SkyShowtime']}
1431;[]
1432;{5558: ['Filmin']}
1433;[]
1434;[]
1435;[]
1436;[]
1437;[]
1438;{5503: ['Amazon Prime Video', 'Movistar Plus+', 'Movistar Plus+ Ficción Total ', 'Filmin']}
1439;{337703: ['Amazon Prime Video', 'Filmin']}
1440;{27327: ['Movistar Plus+', 'Movistar Plus+ Ficción Total ', 'Filmin']}
1441;{114: ['Disney Plus', 'Movistar Plus+ Ficción Total ', 'Max', 'Max  Originals Amazon Channel']}
1442;{346648: ['Netflix', 'Movistar Plus+ Ficción Total ', 'Max', 'Netflix Standard with Ads', 'Max  Originals Amazon Channel']}
1443;{42801: ['Amazon Prime Video']}
1444;{613090: ['Netflix', 'Netflix Standard with Ads']}
1445;{11549: ['Filmin']}
1446;{431580: ['Amazon Prime Video', 'Movistar Plus+ Ficción Total ', 'SkyShowtime']}
1447;[]
1448;{11854: ['Netflix', 'Netflix Standard with Ads']}
1449;{244088: ['Movistar Plus+', 'Movistar Plus+ Ficción Total ', 'Filmin']}
1450;{290: ['Filmin']}
1451;[]
1452;[]
1453;[]
1454;{574: ['Filmin']}
1455;{674324: ['Disney Plus']}
1456;{347201: ['Amazon Prime Video']}
1457;{22584: ['Movistar Plus+', 'Movistar Plus+ Ficción Total ', 'Filmin']}
1458;{9509: ['Disney Plus', 'Amazon Prime Video']}
1459;{379: ['Filmin']}
1460;{74643: ['Movistar Plus+', 'Movistar Plus+ Ficción Total ', 'Filmin', 'Acontra Plus', 'Acontra Plus Amazon Channel']}
1461;[]
1462;{36685: ['Disney Plus', 'Movistar Plus+', 'Movistar Plus+ Ficción Total ']}
1463;[]
1464;{327331: ['Netflix', 'Netflix Standard with Ads']}
1465;{261470: ['Netflix', 'Amazon Prime Video', 'Movistar Plus+ Ficción Total ', 'SkyShowtime', 'Netflix Standard with Ads']}
1466;{194662: ['Disney Plus']}
1467;[]
1468;{13189: ['Filmin']}
1469;{589982: ['Acontra Plus', 'Acontra Plus Amazon Channel']}
1470;{260513: ['Disney Plus']}
1471;[]
1472;{27632: ['Filmin']}
1473;[]
1474;{9075: ['fuboTV']}
1475;[]
1476;{42994: ['Movistar Plus+', 'Movistar Plus+ Ficción Total ']}
1477;{18197: ['Filmin']}
1478;[]
1479;{13060: ['Disney Plus']}
1480;{9008: ['Filmin']}
1481;{4034: ['Amazon Prime Video', 'Filmin']}
1482;{109: ['Movistar Plus+', 'Movistar Plus+ Ficción Total ', 'Filmin']}
1483;[]
1484;{9028: ['Filmin']}
1485;{8741: ['Disney Plus', 'Filmin']}
1486;[]
1487;{374720: ['Amazon Prime Video', 'Movistar Plus+ Ficción Total ', 'Max', 'Max  Originals Amazon Channel']}
1488;{16372: ['Filmin']}
1489;{1902: ['Netflix', 'Disney Plus', 'FlixOlé', 'FlixOlé Amazon Channel', 'Netflix Standard with Ads']}
1490;{17654: ['Movistar Plus+', 'Movistar Plus+ Ficción Total ']}
1491;{828: ['Cultpix']}
1492;{568: ['Movistar Plus+ Ficción Total ', 'SkyShowtime', 'Tivify']}
1493;[]
1494;{6114: ['Netflix', 'Netflix Standard with Ads']}
1495;{1677: ['Movistar Plus+ Ficción Total ', 'SkyShowtime']}
1496;{508883: ['Netflix', 'Netflix Standard with Ads']}
1497;{400160: ['Netflix', 'Netflix Standard with Ads']}
1498;{339403: ['Amazon Prime Video', 'Movistar Plus+ Ficción Total ', 'Max', 'Tivify', 'Max  Originals Amazon Channel']}
1499;{3088: ['Filmin']}
1500;{161: ['Amazon Prime Video', 'Movistar Plus+', 'Movistar Plus+ Ficción Total ']}
1501;{271110: ['Disney Plus']}
1502;{129670: ['Movistar Plus+', 'Movistar Plus+ Ficción Total ', 'Filmin']}
1503;{33273: ['Netflix', 'Amazon Prime Video', 'Movistar Plus+ Ficción Total ', 'SkyShowtime', 'Max', 'Netflix Standard with Ads', 'Max  Originals Amazon Channel']}
1504;[]
1505;{877: ['Filmin']}
1506;[]
1507;[]
1508;{940: ['Amazon Prime Video', 'Filmin', 'FlixOlé']}
1509;{440298: ['Amazon Prime Video', 'Movistar Plus+ Ficción Total ', 'Filmin', 'Max', 'Max  Originals Amazon Channel']}
1510;[]
1511;{38985: ['Amazon Prime Video', 'Filmin']}
1512;[]
1513;{28874: ['Movistar Plus+', 'Movistar Plus+ Ficción Total ']}
1514;{15919: ['Amazon Prime Video', 'Filmin']}
1515;{11704: ['MGM Plus Amazon Channel']}
1516;{771: ['Disney Plus', 'Movistar Plus+', 'Movistar Plus+ Ficción Total ']}
1517;{458156: ['Netflix', 'Netflix Standard with Ads', 'Tivify', 'Lionsgate+ Amazon Channels']}
1518;{502897: ['Filmin']}
1519;{317442: ['Netflix', 'Amazon Prime Video', 'Netflix Standard with Ads']}
1520;[]
1521;{24226: ['Filmin']}
1522;{19223: ['Movistar Plus+', 'Movistar Plus+ Ficción Total ', 'FlixOlé', 'FlixOlé Amazon Channel']}
1523;{11349: ['Filmin']}
1524;[]
1525;{407445: ['Filmin']}
1526;[]
1527;{11167: ['Cultpix']}
1528;{1895: ['Disney Plus']}
1529;{462: ['Amazon Prime Video', 'Filmin']}
1530;{718930: ['Amazon Prime Video']}
1531;{109689: ['Netflix', 'Amazon Prime Video', 'Movistar Plus+ Ficción Total ', 'SkyShowtime', 'Max', 'Netflix Standard with Ads', 'Max  Originals Amazon Channel']}
1532;{6916: ['Movistar Plus+', 'Movistar Plus+ Ficción Total ', 'FlixOlé', 'FlixOlé Amazon Channel']}
1533;[]
1534;[]
1535;[]
1536;[]
1537;[]
1538;{193756: ['Netflix', 'Netflix Standard with Ads', 'Tivify']}
1539;{10435: ['Amazon Prime Video', 'Filmin']}
1540;[]
1541;{5781: ['Filmin']}
1542;{4254: ['Netflix', 'Netflix Standard with Ads']}
1543;{146: ['Acontra Plus', 'Acontra Plus Amazon Channel']}
1544;{994108: ['Disney Plus', 'Movistar Plus+ Ficción Total ', 'Max', 'Max  Originals Amazon Channel']}
1545;[]
1546;{768362: ['Netflix', 'Netflix Standard with Ads']}
1547;{489418: ['Filmin']}
1548;{350312: ['Netflix', 'Netflix Standard with Ads']}
1549;[]
1550;[]
1551;{353081: ['Movistar Plus+', 'Movistar Plus+ Ficción Total ', 'SkyShowtime', 'Max', 'Max  Originals Amazon Channel']}
1552;{24192: ['Movistar Plus+', 'Movistar Plus+ Ficción Total ', 'FlixOlé', 'FlixOlé Amazon Channel']}
1553;[]
1554;{617653: ['Disney Plus', 'Amazon Prime Video']}
1555;[]
1556;{11829: ['FlixOlé', 'FlixOlé Amazon Channel']}
1557;{4024: ['Filmin']}
1558;{921785: ['Netflix', 'Netflix Standard with Ads']}
1559;{821881: ['Netflix', 'Netflix Standard with Ads']}
1560;{697843: ['Netflix', 'Netflix Standard with Ads']}
1561;{466272: ['Movistar Plus+ Ficción Total ', 'Max', 'Max  Originals Amazon Channel']}
1562;[]
1563;[]
1564;{39486: ['Disney Plus']}
1565;{16305: ['Filmin']}
1566;{13188: ['Amazon Prime Video', 'Filmin']}
1567;{645886: ['Netflix', 'Netflix Standard with Ads']}
1568;{466420: ['Apple TV+', 'Apple TV Plus Amazon Channel']}
1569;{101299: ['Tivify', 'Lionsgate+ Amazon Channels']}
1570;{65218: ['Disney Plus']}
1571;{13403: ['Filmin']}
1572;{10747: ['Movistar Plus+', 'Movistar Plus+ Ficción Total ']}
1573;{2503: ['Movistar Plus+ Ficción Total ', 'SkyShowtime']}
1574;[]
1575;[]
1576;{18333: ['Filmin', 'Acontra Plus', 'Acontra Plus Amazon Channel']}
1577;{319373: ['Amazon Prime Video', 'Filmin']}
1578;{13475: ['Movistar Plus+ Ficción Total ', 'SkyShowtime']}
1579;[]
1580;{3009: ['Filmin']}
1581;{1653: ['Movistar Plus+', 'Movistar Plus+ Ficción Total ', 'Acontra Plus', 'Acontra Plus Amazon Channel']}
1582;{1075794: ['Netflix']}
1583;[]
1584;[]
1585;{394117: ['Filmin']}
1586;[]
1587;{10867: ['Netflix', 'Netflix Standard with Ads']}
1588;{9454: ['Disney Plus']}
1589;[]
1590;{582014: ['Netflix', 'Netflix Standard with Ads']}
1591;{451480: ['Amazon Prime Video', 'Filmin', 'Acontra Plus', 'Acontra Plus Amazon Channel']}
1592;[]
1593;[]
1594;{758866: ['Movistar Plus+', 'Movistar Plus+ Ficción Total ', 'Filmin']}
1595;[]
1596;[]
1597;{20558: ['Movistar Plus+ Ficción Total ', 'Max', 'Max  Originals Amazon Channel']}
1598;{26963: ['Amazon Prime Video', 'Filmin']}
1599;{7294: ['Movistar Plus+', 'Movistar Plus+ Ficción Total ', 'Filmin']}
1600;{626: ['Acontra Plus', 'Acontra Plus Amazon Channel']}
1601;{659959: ['Filmin']}
1602;{190859: ['Netflix', 'Netflix Standard with Ads']}
1603;[]
1604;[]
1605;[]
1606;[]
1607;{1523: ['Disney Plus', 'Movistar Plus+ Ficción Total ', 'Max', 'Max  Originals Amazon Channel']}
1608;{853: ['Amazon Prime Video', 'Tivify']}
1609;{10784: ['Filmin']}
1610;{4584: ['Amazon Prime Video']}
1611;{176: ['Netflix', 'Amazon Prime Video', 'Movistar Plus+', 'Movistar Plus+ Ficción Total ', 'Netflix Standard with Ads']}
1612;{284052: ['Disney Plus']}
1613;{9918: ['Disney Plus']}
1614;[]
1615;{9426: ['Disney Plus', 'Filmin']}
1616;{242: ['Movistar Plus+ Ficción Total ', 'SkyShowtime', 'Max', 'Max  Originals Amazon Channel']}
1617;{463257: ['Amazon Prime Video', 'Filmin', 'Acontra Plus']}
1618;{137106: ['Amazon Prime Video']}
1619;[]
1620;{814: ['Lionsgate+ Amazon Channels']}
1621;{14257: ['FlixOlé', 'FlixOlé Amazon Channel']}
1622;[]
1623;[]
1624;[]
1625;{271706: ['Netflix', 'Netflix Standard with Ads']}
1626;{1391: ['Netflix', 'Netflix Standard with Ads']}
1627;[]
1628;[]
1629;[]
1630;{4232: ['Movistar Plus+ Ficción Total ', 'SkyShowtime', 'Max', 'Max  Originals Amazon Channel']}
1631;{4203: ['Netflix', 'Movistar Plus+', 'Movistar Plus+ Ficción Total ', 'Netflix Standard with Ads']}
1632;{2690: ['Amazon Prime Video']}
1633;{492: ['Filmin']}
1634;{630220: ['Netflix', 'Netflix Standard with Ads']}
1635;[]
1636;{273481: ['Lionsgate+ Amazon Channels']}
1637;[]
1638;[]
1639;{26596: ['Amazon Prime Video', 'Movistar Plus+', 'Movistar Plus+ Ficción Total ', 'Filmin', 'SkyShowtime']}
1640;{660000: ['Amazon Prime Video', 'Acontra Plus', 'Acontra Plus Amazon Channel', 'Tivify']}
1641;{429617: ['Movistar Plus+ Ficción Total ', 'Max', 'Netflix Standard with Ads', 'Max  Originals Amazon Channel']}
1642;[]
1643;[]
1644;[]
1645;{4174: ['Filmin']}
1646;[]
1647;{762509: ['Disney Plus']}
1648;[]
1649;{794: ['Disney Plus']}
1650;{860159: ['Disney Plus']}
1651;{423108: ['Netflix', 'Movistar Plus+ Ficción Total ', 'fuboTV', 'Netflix Standard with Ads', 'Max  Originals Amazon Channel']}
1652;{11481: ['Amazon Prime Video', 'Filmin', 'Acontra Plus', 'Acontra Plus Amazon Channel']}
1653;{771077: ['Filmin']}
1654;[]
1655;{10437: ['Disney Plus']}
1656;[]
1657;{1360: ['Netflix']}
1658;[]
1659;{516486: ['Apple TV+', 'Apple TV Plus Amazon Channel']}
1660;[]
1661;[]
1662;[]
1663;[]
1664;{87827: ['Disney Plus', 'Movistar Plus+ Ficción Total ', 'Max', 'Max  Originals Amazon Channel']}
1665;{639: ['MGM Plus Amazon Channel']}
1666;[]
1667;[]
1668;{1847: ['Amazon Prime Video', 'Filmin']}
1669;{1359: ['Netflix', 'Netflix Standard with Ads', 'Tivify', 'MGM Plus Amazon Channel', 'Lionsgate+ Amazon Channels']}
1670;{94329: ['Netflix Standard with Ads']}
1671;[]
1672;{876716: ['Disney Plus']}
1673;{840326: ['Netflix', 'Netflix Standard with Ads']}
1674;{44012: ['Filmin']}
1675;{5723: ['Lionsgate+ Amazon Channels']}
1676;{265712: ['Netflix', 'Netflix Standard with Ads']}
1677;{10849: ['Amazon Prime Video']}
1678;{447332: ['Movistar Plus+ Ficción Total ', 'SkyShowtime', 'Max', 'Max  Originals Amazon Channel']}
1679;{380225: ['Filmin', 'Tivify']}
1680;{3085: ['Movistar Plus+', 'Movistar Plus+ Ficción Total ', 'Filmin', 'FlixOlé']}
1681;{1407: ['Movistar Plus+', 'Movistar Plus+ Ficción Total ']}
1682;{11545: ['Disney Plus']}
1683;{760: ['Filmin']}
1684;{265180: ['Filmin']}
1685;{21832: ['Netflix Standard with Ads']}
1686;[]
1687;{5967: ['Movistar Plus+', 'Movistar Plus+ Ficción Total ', 'Acontra Plus', 'Acontra Plus Amazon Channel']}
1688;{37135: ['Disney Plus']}
1689;[]
1690;[]
1691;{11661: ['Movistar Plus+', 'Movistar Plus+ Ficción Total ', 'Acontra Plus', 'Acontra Plus Amazon Channel']}
1692;{8681: ['Disney Plus', 'Movistar Plus+', 'Movistar Plus+ Ficción Total ', 'Max', 'Max  Originals Amazon Channel']}
1693;{4032: ['Filmin', 'Tivify']}
1694;{481432: ['Filmin']}
1695;{273895: ['Filmin']}
1696;[]
1697;{4476: ['Movistar Plus+', 'Movistar Plus+ Ficción Total ']}
1698;{388: ['Netflix', 'Netflix Standard with Ads']}
1699;{290762: ['Amazon Prime Video', 'Filmin', 'FlixOlé']}
1700;{940551: ['Movistar Plus+ Ficción Total ', 'SkyShowtime']}
1701;{713: ['Movistar Plus+', 'Movistar Plus+ Ficción Total ', 'Acontra Plus', 'Acontra Plus Amazon Channel']}
1702;[]
1703;{14433: ['Filmin']}
1704;[]
1705;{2898: ['Movistar Plus+', 'Movistar Plus+ Ficción Total ']}
1706;{350: ['Disney Plus', 'Movistar Plus+ Ficción Total ', 'Max', 'Max  Originals Amazon Channel']}
1707;{638449: ['Netflix', 'Netflix Standard with Ads']}
1708;[]
1709;{37094: ['Netflix', 'Movistar Plus+', 'Movistar Plus+ Ficción Total ', 'Netflix Standard with Ads']}
1710;[]
1711;[]
1712;[]
1713;[]
1714;[]
1715;[]
1716;{874300: ['Movistar Plus+ Ficción Total ', 'SkyShowtime']}
1717;{8810: ['Max', 'Max  Originals Amazon Channel']}
1718;{855: ['Filmin']}
1719;{20982: ['Netflix', 'Amazon Prime Video', 'Netflix Standard with Ads']}
1720;[]
1721;{519010: ['Netflix', 'Netflix Standard with Ads']}
1722;{414425: ['Netflix', 'Netflix Standard with Ads']}
1723;{18988: ['Netflix', 'Filmin', 'Netflix Standard with Ads']}
1724;{17136: ['Filmin']}
1725;[]
1726;{9361: ['Filmin']}
1727;{153: ['Movistar Plus+', 'Movistar Plus+ Ficción Total ', 'Filmin', 'Netflix Standard with Ads']}
1728;{876792: ['Crunchyroll', 'Crunchyroll Amazon Channel']}
1729;{809107: ['Disney Plus']}
1730;{637534: ['Netflix', 'Netflix Standard with Ads']}
1731;[]
1732;[]
1733;[]
1734;[]
1735;{274109: ['Amazon Prime Video', 'Movistar Plus+ Ficción Total ', 'SkyShowtime', 'Max', 'Max  Originals Amazon Channel']}
1736;[]
1737;{11230: ['Filmin']}
1738;{46838: ['Tivify']}
1739;{628: ['Filmin']}
1740;[]
1741;{573435: ['Movistar Plus+', 'Movistar Plus+ Ficción Total ']}
1742;{843527: ['Amazon Prime Video']}
1743;[]
1744;[]
1745;[]
1746;{1669: ['Movistar Plus+', 'Movistar Plus+ Ficción Total ']}
1747;{621: ['Netflix', 'Disney Plus', 'Movistar Plus+', 'Movistar Plus+ Ficción Total ', 'SkyShowtime', 'Max', 'Netflix Standard with Ads', 'Max  Originals Amazon Channel']}
1748;[]
1749;{25403: ['Amazon Prime Video', 'Movistar Plus+', 'Movistar Plus+ Ficción Total ', 'Filmin']}
1750;{15080: ['Netflix', 'Netflix Standard with Ads']}
1751;{65754: ['Amazon Prime Video']}
1752;{1645: ['Disney Plus', 'Tivify']}
1753;{484751: ['Filmin', 'Acontra Plus', 'Acontra Plus Amazon Channel']}
1754;{476299: ['Amazon Prime Video', 'Filmin']}
1755;{303483: ['Filmin', 'Acontra Plus', 'Acontra Plus Amazon Channel']}
1756;{9462: ['Amazon Prime Video', 'Filmin']}
1757;[]
1758;{4011: ['Netflix', 'Movistar Plus+', 'Movistar Plus+ Ficción Total ', 'Netflix Standard with Ads', 'Max  Originals Amazon Channel']}
1759;{1923: ['Movistar Plus+', 'Movistar Plus+ Ficción Total ', 'Filmin', 'MUBI']}
1760;{527: ['Acontra Plus', 'Acontra Plus Amazon Channel']}
1761;[]
1762;{376867: ['Filmin']}
1763;{284054: ['Disney Plus']}
1764;{140: ['Netflix', 'Movistar Plus+', 'Movistar Plus+ Ficción Total ', 'Netflix Standard with Ads']}
1765;[]
1766;{88273: ['Filmin']}
1767;{11644: ['Movistar Plus+', 'Movistar Plus+ Ficción Total ', 'MGM Plus Amazon Channel']}
1768;{673595: ['Disney Plus']}
1769;[]
1770;{1542: ['Disney Plus']}
1771;{37799: ['Netflix', 'Filmin', 'Netflix Standard with Ads']}
1772;[]
1773;[]
1774;[]
1775;{49020: ['Amazon Prime Video', 'Filmin']}
1776;{11881: ['Disney Plus']}
1777;{458131: ['Movistar Plus+', 'Movistar Plus+ Ficción Total ']}
1778;{249164: ['Amazon Prime Video']}
1779;[]
1780;{2786: ['Filmin']}
1781;[]
1782;{1245: ['Netflix', 'Netflix Standard with Ads']}
1783;{433247: ['Netflix', 'Netflix Standard with Ads']}
1784;[]
1785;{293670: ['Filmin']}
1786;[]
1787;{58: ['Disney Plus']}
1788;{818647: ['Netflix', 'Netflix Standard with Ads']}
1789;{64682: ['Amazon Prime Video', 'Movistar Plus+', 'Movistar Plus+ Ficción Total ', 'Max', 'Max  Originals Amazon Channel']}
1790;{1427: ['Movistar Plus+', 'Movistar Plus+ Ficción Total ', 'Lionsgate+ Amazon Channels']}
1791;{595975: ['Amazon Prime Video']}
1792;{307081: ['Amazon Prime Video']}
1793;{80278: ['Netflix', 'Netflix Standard with Ads']}
1794;{16320: ['Movistar Plus+', 'Movistar Plus+ Ficción Total ']}
1795;[]
1796;{3110: ['Movistar Plus+ Ficción Total ', 'SkyShowtime']}
1797;[]
1798;{459151: ['Netflix', 'Netflix Standard with Ads']}
1799;[]
1800;{81188: ['Netflix', 'Movistar Plus+', 'Movistar Plus+ Ficción Total ', 'Netflix Standard with Ads']}
1801;[]
1802;{17474: ['Amazon Prime Video']}
1803;[]
1804;{6949: ['Movistar Plus+', 'Movistar Plus+ Ficción Total ']}
1805;[]
1806;[]
1807;{4133: ['Netflix', 'Netflix Standard with Ads']}
1808;{116: ['Movistar Plus+', 'Movistar Plus+ Ficción Total ']}
1809;[]
1810;{377263: ['Filmin']}
1811;{1116: ['Movistar Plus+', 'Movistar Plus+ Ficción Total ', 'FlixOlé', 'FlixOlé Amazon Channel']}
1812;{425: ['Disney Plus', 'Movistar Plus+ Ficción Total ', 'Max', 'Max  Originals Amazon Channel']}
1813;{121986: ['Amazon Prime Video', 'Filmin']}
1814;{2291: ['Filmin']}
1815;{985: ['Movistar Plus+', 'Movistar Plus+ Ficción Total ', 'Filmin', 'MUBI', 'MUBI Amazon Channel']}
1816;{818750: ['Netflix', 'Netflix Standard with Ads']}
1817;[]
1818;[]
1819;{4147: ['Disney Plus']}
1820;{184: ['Lionsgate+ Amazon Channels']}
1821;[]
1822;{212167: ['Movistar Plus+', 'Movistar Plus+ Ficción Total ']}
1823;{6644: ['Movistar Plus+ Ficción Total ', 'SkyShowtime']}
1824;[]
1825;{756: ['Disney Plus']}
1826;{387426: ['Netflix', 'Netflix Standard with Ads']}
1827;{318846: ['Netflix', 'Disney Plus', 'Netflix Standard with Ads', 'Tivify']}
1828;[]
1829;[]
1830;[]
1831;{2252: ['Movistar Plus+', 'Movistar Plus+ Ficción Total ', 'SkyShowtime']}
1832;{1151534: ['Netflix', 'Netflix Standard with Ads']}
1833;[]
1834;{13321: ['Filmin']}
1835;[]
1836;[]
1837;[]
1838;[]
1839;[]
1840;[]
1841;{488: ['Movistar Plus+', 'Movistar Plus+ Ficción Total ', 'Filmin']}
1842;[]
1843;[]
1844;{508947: ['Disney Plus']}
1845;{205220: ['Amazon Prime Video', 'Filmin']}
1846;{77016: ['Amazon Prime Video']}
1847;{16307: ['Filmin']}
1848;{10144: ['Disney Plus']}
1849;{829280: ['Netflix', 'Netflix Standard with Ads']}
1850;{417320: ['Disney Plus']}
1851;{297: ['Netflix', 'Filmin', 'Netflix Standard with Ads']}
1852;[]
1853;{297270: ['Disney Plus']}
1854;{169881: ['Movistar Plus+', 'Movistar Plus+ Ficción Total ', 'Filmin']}
1855;{3089: ['Filmin', 'MGM Plus Amazon Channel']}
1856;{840: ['Filmin']}
1857;{594: ['Movistar Plus+ Ficción Total ', 'SkyShowtime', 'Tivify']}
1858;{180: ['Movistar Plus+ Ficción Total ', 'SkyShowtime']}
1859;{579741: ['Netflix', 'Netflix Standard with Ads']}
1860;{140823: ['Disney Plus']}
1861;[]
1862;[]
1863;{3766: ['Filmin']}
1864;[]
1865;{425909: ['Amazon Prime Video']}
1866;{49361: ['Movistar Plus+', 'Movistar Plus+ Ficción Total ', 'FlixOlé', 'FlixOlé Amazon Channel']}
1867;{544401: ['Apple TV+', 'Apple TV Plus Amazon Channel']}
1868;[]
1869;[]
1870;[]
1871;{1554: ['Filmin']}
1872;[]
1873;[]
1874;{9504: ['Acontra Plus', 'Acontra Plus Amazon Channel']}
1875;{759: ['Filmin']}
1876;{260: ['Amazon Prime Video', 'Filmin', 'FlixOlé']}
1877;{740441: ['Netflix', 'Netflix Standard with Ads']}
1878;{82690: ['Disney Plus']}
1879;[]
1880;{17529: ['Movistar Plus+ Ficción Total ', 'SkyShowtime', 'Tivify']}
1881;[]
1882;[]
1883;[]
1884;[]
1885;[]
1886;{381288: ['Movistar Plus+', 'Movistar Plus+ Ficción Total ']}
1887;[]
1888;[]
1889;[]
1890;{11901: ['Netflix', 'Netflix Standard with Ads']}
1891;{451048: ['Disney Plus']}
1892;{44018: ['Acontra Plus', 'Acontra Plus Amazon Channel']}
1893;[]
1894;[]
1895;[]
1896;[]
1897;{663260: ['Filmin']}
1898;{615643: ['Amazon Prime Video', 'Acontra Plus']}
1899;{587792: ['Amazon Prime Video', 'Movistar Plus+', 'Movistar Plus+ Ficción Total ', 'Filmin', 'FlixOlé']}
1900;[]
1901;[]
1902;{705996: ['Filmin']}
1903;{615666: ['Netflix', 'Netflix Standard with Ads']}
1904;[]
1905;[]
1906;{28055: ['Filmin', 'Cultpix']}
1907;{13183: ['Movistar Plus+ Ficción Total ', 'SkyShowtime']}
1908;[]
1909;{5548: ['MGM Plus Amazon Channel']}
1910;[]
1911;{649: ['Filmin']}
1912;{672208: ['Amazon Prime Video', 'Acontra Plus']}
1913;[]
1914;[]
1915;{7452: ['Filmin']}
1916;{2134: ['Movistar Plus+', 'Movistar Plus+ Ficción Total ', 'Filmin']}
1917;{1052: ['Filmin']}
1918;{75656: ['Netflix', 'Movistar Plus+', 'Movistar Plus+ Ficción Total ', 'Netflix Standard with Ads']}
1919;{21484: ['Filmin']}
1920;{9589: ['Filmin']}
1921;[]
1922;{522369: ['Movistar Plus+', 'Movistar Plus+ Ficción Total ', 'Filmin']}
1923;[]
1924;{429174: ['Filmin']}
1925;{416477: ['Amazon Prime Video']}
1926;{61791: ['Disney Plus', 'Movistar Plus+', 'Movistar Plus+ Ficción Total ']}
1927;{377: ['Movistar Plus+', 'Movistar Plus+ Ficción Total ', 'Filmin']}
1928;{407449: ['Movistar Plus+', 'Movistar Plus+ Ficción Total ', 'Filmin']}
1929;{324552: ['Tivify', 'Lionsgate+ Amazon Channels']}
1930;{118406: ['Netflix', 'Netflix Standard with Ads']}
1931;[]
1932;{10549: ['Filmin']}
1933;{88: ['Lionsgate+ Amazon Channels']}
1934;[]
1935;{560057: ['Netflix', 'Netflix Standard with Ads']}
1936;{315635: ['Movistar Plus+ Ficción Total ', 'Max', 'Max  Originals Amazon Channel']}
1937;{119450: ['Disney Plus', 'Movistar Plus+', 'Movistar Plus+ Ficción Total ']}
1938;{890980: ['Netflix', 'Netflix Standard with Ads']}
1939;{621013: ['Amazon Prime Video']}
1940;[]
1941;{64847: ['Filmin']}
1942;{15764: ['Movistar Plus+', 'Movistar Plus+ Ficción Total ', 'Filmin', 'FlixOlé']}
1943;[]
1944;[]
1945;[]
1946;{11673: ['Filmin', 'Acontra Plus', 'Acontra Plus Amazon Channel']}
1947;[]
1948;[]
1949;[]
1950;{72478: ['Filmin', 'OUTtv Amazon Channel']}
1951;{58857: ['Acontra Plus', 'Acontra Plus Amazon Channel']}
1952;{26405: ['Filmin']}
1953;[]
1954;{964980: ['Amazon Prime Video']}
1955;{755339: ['Netflix', 'Netflix Standard with Ads']}
1956;{11305: ['Filmin']}
1957;{205587: ['Netflix Standard with Ads']}
1958;[]
1959;{47735: ['Filmin', 'Acontra Plus', 'Acontra Plus Amazon Channel']}
1960;[]
1961;[]
1962;{470: ['Filmin']}
1963;{866398: ['Amazon Prime Video']}
1964;[]
1965;[]
1966;{504608: ['Movistar Plus+', 'Movistar Plus+ Ficción Total ', 'SkyShowtime', 'Tivify']}
1967;[]
1968;[]
1969;{90369: ['Amazon Prime Video']}
1970;{18785: ['Netflix', 'Movistar Plus+', 'Movistar Plus+ Ficción Total ', 'Netflix Standard with Ads']}
1971;{2502: ['Movistar Plus+ Ficción Total ', 'SkyShowtime']}
1972;{54138: ['Movistar Plus+ Ficción Total ', 'SkyShowtime']}
1973;{11101: ['Amazon Prime Video', 'Filmin', 'Acontra Plus']}
1974;[]
1975;{1429: ['Filmin']}
1976;[]
1977;{506528: ['Movistar Plus+ Ficción Total ', 'SkyShowtime']}
1978;[]
1979;[]
1980;{9385: ['Amazon Prime Video']}
1981;[]
1982;{802: ['Filmin']}
1983;{228: ['Filmin']}
1984;{668461: ['Netflix', 'Netflix Standard with Ads']}
1985;[]
1986;{3131: ['Netflix', 'Netflix Standard with Ads', 'Lionsgate+ Amazon Channels']}
1987;{134: ['Filmin']}
1988;[]
1989;{82695: ['Movistar Plus+', 'Movistar Plus+ Ficción Total ']}
1990;{687: ['Amazon Prime Video']}
1991;[]
1992;{801112: ['Movistar Plus+', 'Movistar Plus+ Ficción Total ']}
1993;[]
1994;{7340: ['MGM Plus Amazon Channel']}
1995;{931102: ['Movistar Plus+', 'Movistar Plus+ Ficción Total ']}
1996;{545609: ['Netflix', 'Netflix Standard with Ads']}
1997;[]
1998;{259316: ['Movistar Plus+ Ficción Total ', 'Max', 'Max  Originals Amazon Channel']}
1999;[]
