;id;watch_providers
0;1396;['Netflix', 'Netflix Standard with Ads']
1;219246;['Netflix', 'Netflix Standard with Ads']
2;209867;['Netflix', 'Amazon Prime Video', 'Netflix Standard with Ads', 'Crunchyroll', 'Crunchyroll Amazon Channel']
3;94605;['Netflix', 'Netflix Standard with Ads']
4;131378;['Max', 'Max  Originals Amazon Channel']
5;246;['Netflix', 'Amazon Prime Video', 'Movistar Plus+ Ficción Total ', 'SkyShowtime', 'Netflix Standard with Ads']
6;94954;['Amazon Prime Video']
7;37854;['Crunchyroll', 'Crunchyroll Amazon Channel']
8;31911;['Netflix', 'Amazon Prime Video', 'Netflix Standard with Ads']
9;60059;['Netflix', 'Netflix Standard with Ads']
10;60625;['Movistar Plus+ Ficción Total ', 'Max', 'Max  Originals Amazon Channel']
11;240411;['Netflix', 'Netflix Standard with Ads', 'Crunchyroll', 'Crunchyroll Amazon Channel']
12;87108;['Movistar Plus+ Ficción Total ', 'Max', 'Max  Originals Amazon Channel']
13;220542;['Crunchyroll', 'Crunchyroll Amazon Channel']
14;1429;['Netflix', 'Amazon Prime Video', 'Netflix Standard with Ads', 'Crunchyroll', 'Crunchyroll Amazon Channel']
15;92685;['Disney Plus']
16;70785;['Netflix', 'Netflix Standard with Ads']
17;42705;['Netflix', 'Netflix Standard with Ads']
18;46298;['Netflix', 'Netflix Standard with Ads', 'Crunchyroll', 'Crunchyroll Amazon Channel']
19;62741;[]
20;1398;['Max', 'Max  Originals Amazon Channel']
21;85937;['Netflix', 'Amazon Prime Video', 'Netflix Standard with Ads', 'Crunchyroll Amazon Channel']
22;85077;['Amazon Prime Video', 'Movistar Plus+', 'Movistar Plus+ Ficción Total ', 'Acontra Plus', 'Acontra Plus Amazon Channel']
23;42573;[]
24;95269;['Crunchyroll', 'Crunchyroll Amazon Channel']
25;95557;['Amazon Prime Video']
26;65930;['Amazon Prime Video', 'Crunchyroll', 'Crunchyroll Amazon Channel']
27;13916;['Netflix', 'Netflix Standard with Ads', 'Crunchyroll']
28;259666;['Amazon Prime Video']
29;72637;[]
30;31132;['Netflix', 'Movistar Plus+ Ficción Total ', 'Max', 'Netflix Standard with Ads', 'Max  Originals Amazon Channel']
31;127532;['Crunchyroll', 'Crunchyroll Amazon Channel']
32;89456;['Movistar Plus+ Ficción Total ', 'Max', 'Max  Originals Amazon Channel']
33;60863;['Netflix', 'Amazon Prime Video', 'Netflix Standard with Ads']
34;37419;[]
35;80040;[]
36;100;[]
37;62914;['Amazon Prime Video', 'Filmin']
38;57706;[]
39;77696;[]
40;3854;[]
41;82728;['Disney Plus']
42;97186;['Disney Plus']
43;66732;['Netflix', 'Netflix Standard with Ads']
44;46896;['Movistar Plus+ Ficción Total ', 'Max', 'Max  Originals Amazon Channel']
45;1438;['Movistar Plus+ Ficción Total ', 'Max', 'Max  Originals Amazon Channel']
46;40075;['Disney Plus']
47;1408;['Netflix', 'Amazon Prime Video', 'Movistar Plus+ Ficción Total ', 'SkyShowtime', 'Netflix Standard with Ads']
48;79141;['Netflix', 'Netflix Standard with Ads']
49;68595;[]
50;124834;['Netflix', 'Netflix Standard with Ads']
51;35610;[]
52;67915;[]
53;890;['Netflix', 'Netflix Standard with Ads']
54;80564;['Amazon Prime Video']
55;31356;['Movistar Plus+ Ficción Total ', 'SkyShowtime']
56;36189;['Disney Plus']
57;95479;['Netflix', 'Netflix Standard with Ads', 'Crunchyroll', 'Crunchyroll Amazon Channel']
58;35790;[]
59;2316;['Netflix', 'Amazon Prime Video', 'Movistar Plus+ Ficción Total ', 'SkyShowtime', 'Netflix Standard with Ads']
60;1430;[]
61;61663;[]
62;45790;['Netflix', 'Netflix Standard with Ads', 'Crunchyroll', 'Crunchyroll Amazon Channel']
63;98214;[]
64;65844;['Netflix', 'Netflix Standard with Ads', 'Crunchyroll Amazon Channel']
65;1044;[]
66;207468;['Crunchyroll', 'Crunchyroll Amazon Channel']
67;100088;['Movistar Plus+ Ficción Total ', 'Max', 'Max  Originals Amazon Channel']
68;61617;['Movistar Plus+ Ficción Total ', 'Max', 'Max  Originals Amazon Channel']
69;204154;[]
70;4613;['Netflix', 'Movistar Plus+ Ficción Total ', 'Max', 'Netflix Standard with Ads', 'Max  Originals Amazon Channel']
71;43;[]
72;83121;['Crunchyroll', 'Crunchyroll Amazon Channel']
73;88040;['Crunchyroll', 'Crunchyroll Amazon Channel']
74;68129;['Crunchyroll', 'Crunchyroll Amazon Channel']
75;93019;[]
76;85349;['Disney Plus']
77;82739;[]
78;120089;['Netflix', 'Amazon Prime Video', 'Netflix Standard with Ads', 'Crunchyroll', 'Crunchyroll Amazon Channel']
79;86031;['Netflix', 'Amazon Prime Video', 'Netflix Standard with Ads', 'Crunchyroll', 'Crunchyroll Amazon Channel']
80;45950;[]
81;74313;[]
82;89901;['Apple TV+', 'Apple TV Plus Amazon Channel']
83;114410;['Crunchyroll', 'Crunchyroll Amazon Channel']
84;21650;[]
85;9302;['Crunchyroll', 'Crunchyroll Amazon Channel']
86;94664;['Crunchyroll', 'Crunchyroll Amazon Channel']
87;138502;['Disney Plus']
88;12313;[]
89;77721;[]
90;61222;['Netflix', 'Netflix Standard with Ads']
91;76121;['Crunchyroll', 'Crunchyroll Amazon Channel']
92;2098;['Netflix', 'Amazon Prime Video', 'Netflix Standard with Ads']
93;108261;[]
94;67389;[]
95;40143;[]
96;110070;['Crunchyroll', 'Crunchyroll Amazon Channel']
97;83100;['Amazon Prime Video']
98;31910;['Netflix', 'Amazon Prime Video', 'Netflix Standard with Ads', 'Crunchyroll', 'Crunchyroll Amazon Channel']
99;207784;['Netflix', 'Netflix Standard with Ads']
100;125910;['Netflix', 'Netflix Standard with Ads']
101;90447;[]
102;60574;['Netflix', 'Amazon Prime Video', 'Netflix Standard with Ads']
103;135157;['Netflix', 'Netflix Standard with Ads']
104;75006;['Netflix', 'Netflix Standard with Ads']
105;30991;['Netflix', 'Netflix Standard with Ads']
106;117376;['Netflix', 'Netflix Standard with Ads']
107;96462;['Netflix', 'Netflix Standard with Ads']
108;86034;[]
109;83095;['Netflix', 'Netflix Standard with Ads', 'Crunchyroll', 'Crunchyroll Amazon Channel']
110;79744;['Netflix', 'Disney Plus', 'Movistar Plus+', 'Movistar Plus+ Ficción Total ', 'Netflix Standard with Ads', 'Tivify']
111;30981;['Netflix', 'Netflix Standard with Ads']
112;73488;[]
113;68349;['Kocowa']
114;28136;[]
115;106600;['Kocowa']
116;154521;['Disney Plus']
117;19885;[]
118;66433;[]
119;83880;['Netflix', 'Netflix Standard with Ads']
120;83880;['Netflix', 'Netflix Standard with Ads']
121;225180;['Netflix', 'Netflix Standard with Ads']
122;94796;['Netflix', 'Netflix Standard with Ads']
123;9160;[]
124;333;['Kocowa']
125;67075;['Crunchyroll', 'Crunchyroll Amazon Channel']
126;110309;['Crunchyroll', 'Crunchyroll Amazon Channel']
127;32118;[]
128;35894;[]
129;100049;['Crunchyroll', 'Crunchyroll Amazon Channel']
130;37585;[]
131;65648;[]
132;73223;['Crunchyroll', 'Crunchyroll Amazon Channel']
133;2192;['Crunchyroll', 'Crunchyroll Amazon Channel']
134;15260;['Netflix', 'Movistar Plus+ Ficción Total ', 'Max', 'Netflix Standard with Ads', 'Max  Originals Amazon Channel']
135;88803;['Netflix', 'Amazon Prime Video', 'Netflix Standard with Ads', 'Crunchyroll', 'Crunchyroll Amazon Channel']
136;64196;['Amazon Prime Video']
137;229480;['Amazon Prime Video']
138;87461;['Crunchyroll', 'Crunchyroll Amazon Channel']
139;218539;['Netflix', 'Netflix Standard with Ads']
140;30669;[]
141;92621;['Filmin']
142;37606;['Movistar Plus+ Ficción Total ', 'Max', 'Max  Originals Amazon Channel']
143;35935;['Netflix', 'Netflix Standard with Ads']
144;83639;['Netflix', 'Netflix Standard with Ads']
145;123249;['Crunchyroll', 'Crunchyroll Amazon Channel']
146;197067;['Netflix', 'Netflix Standard with Ads']
147;108291;['Disney Plus']
148;87432;[]
149;3498;['Disney Plus']
150;1600;[]
151;136369;['Netflix', 'Netflix Standard with Ads']
152;75214;['Netflix', 'Netflix Standard with Ads']
153;65249;[]
154;253905;['Netflix', 'Netflix Standard with Ads']
155;96160;['Netflix', 'Netflix Standard with Ads']
156;62602;[]
157;105248;['Netflix', 'Netflix Standard with Ads']
158;97617;['Crunchyroll', 'Crunchyroll Amazon Channel']
159;71712;['Netflix', 'Amazon Prime Video', 'Movistar Plus+', 'Movistar Plus+ Ficción Total ', 'Netflix Standard with Ads', 'Tivify']
160;96150;['Crunchyroll', 'Crunchyroll Amazon Channel']
161;2004;['Disney Plus']
162;99779;['Crunchyroll', 'Crunchyroll Amazon Channel']
163;154825;['Netflix', 'Netflix Standard with Ads']
164;79818;[]
165;45783;['Netflix', 'Amazon Prime Video', 'Netflix Standard with Ads']
166;126308;['Disney Plus']
167;107113;['Disney Plus']
168;90937;['Netflix', 'Netflix Standard with Ads']
169;62565;['Netflix', 'Netflix Standard with Ads', 'Crunchyroll', 'Crunchyroll Amazon Channel']
170;92468;[]
171;79732;['Netflix', 'Netflix Standard with Ads']
172;42444;[]
173;34524;['MGM Plus Amazon Channel']
174;84669;['Netflix', 'Netflix Standard with Ads', 'Crunchyroll', 'Crunchyroll Amazon Channel']
175;58474;[]
176;194764;['Max', 'Max  Originals Amazon Channel']
177;114868;['Netflix', 'Netflix Standard with Ads']
178;87739;['Netflix', 'Netflix Standard with Ads']
179;66330;[]
180;86836;[]
181;72517;['Crunchyroll', 'Crunchyroll Amazon Channel']
182;82684;['Crunchyroll', 'Crunchyroll Amazon Channel']
183;4194;['Disney Plus']
184;76479;['Amazon Prime Video']
185;62273;['Crunchyroll', 'Crunchyroll Amazon Channel']
186;66078;['Crunchyroll']
187;1399;['Movistar Plus+ Ficción Total ', 'FlixOlé', 'Max', 'Max  Originals Amazon Channel']
188;111819;['Crunchyroll', 'Crunchyroll Amazon Channel']
189;136283;['Netflix', 'Netflix Standard with Ads']
190;35753;['Filmin']
191;126485;['Disney Plus']
192;2723;['Movistar Plus+ Ficción Total ', 'Max', 'Max  Originals Amazon Channel']
193;63174;['Netflix', 'Netflix Standard with Ads']
194;100281;['Crunchyroll', 'Crunchyroll Amazon Channel']
195;117648;['Amazon Prime Video']
196;6357;[]
197;107124;[]
198;105009;['Disney Plus', 'Crunchyroll', 'Crunchyroll Amazon Channel']
199;106292;['Netflix', 'Netflix Standard with Ads']
200;79460;['Movistar Plus+ Ficción Total ', 'Max', 'Max  Originals Amazon Channel']
201;68267;['Netflix', 'Netflix Standard with Ads']
202;91425;[]
203;81318;[]
204;70637;['Crunchyroll', 'Crunchyroll Amazon Channel']
205;221851;['Amazon Prime Video']
206;42509;[]
207;1409;['Disney Plus']
208;69050;['Netflix', 'Movistar Plus+ Ficción Total ', 'Max', 'Netflix Standard with Ads', 'Max  Originals Amazon Channel']
209;1668;['Movistar Plus+ Ficción Total ', 'Max', 'Max  Originals Amazon Channel']
210;62104;['Netflix', 'Netflix Standard with Ads']
211;117378;['Amazon Prime Video']
212;236873;[]
213;82856;['Disney Plus']
214;61752;[]
215;3793;[]
216;129888;['Netflix', 'Netflix Standard with Ads']
217;119051;['Netflix', 'Netflix Standard with Ads']
218;58841;['Amazon Prime Video', 'Movistar Plus+', 'Movistar Plus+ Ficción Total ', 'SkyShowtime', 'Tivify']
219;96162;['Netflix', 'Netflix Standard with Ads']
220;73833;['Netflix', 'Netflix Standard with Ads', 'Crunchyroll', 'Crunchyroll Amazon Channel']
221;44006;['Amazon Prime Video', 'Movistar Plus+', 'Movistar Plus+ Ficción Total ', 'SkyShowtime', 'Tivify']
222;70523;['Netflix', 'Netflix Standard with Ads']
223;95396;['Apple TV+', 'Apple TV Plus Amazon Channel']
224;61461;[]
225;126506;['Movistar Plus+ Ficción Total ', 'Max', 'Max  Originals Amazon Channel']
226;74016;['Netflix', 'Disney Plus', 'Netflix Standard with Ads']
227;62110;['Netflix', 'Amazon Prime Video', 'Netflix Standard with Ads']
228;99489;['Kocowa']
229;250670;['Amazon Prime Video']
230;100834;['Atres Player']
231;63314;['Netflix', 'Netflix Standard with Ads']
232;12637;['Amazon Prime Video']
233;68188;['Filmin']
234;63926;['Netflix', 'Crunchyroll', 'Crunchyroll Amazon Channel']
235;61175;['Netflix', 'Movistar Plus+ Ficción Total ', 'Max', 'Netflix Standard with Ads', 'Max  Originals Amazon Channel']
236;112160;['Netflix', 'Netflix Standard with Ads']
237;43017;['Crunchyroll', 'Crunchyroll Amazon Channel']
238;56568;[]
239;68854;['Netflix', 'Netflix Standard with Ads']
240;56568;[]
241;68854;['Netflix', 'Netflix Standard with Ads']
242;128876;['Disney Plus']
243;97546;['Apple TV+', 'Apple TV Plus Amazon Channel']
244;72296;['Crunchyroll', 'Crunchyroll Amazon Channel']
245;96316;['Crunchyroll', 'Crunchyroll Amazon Channel']
246;88046;['Crunchyroll', 'Crunchyroll Amazon Channel']
247;135918;['Netflix', 'Netflix Standard with Ads']
248;99777;['Crunchyroll', 'Crunchyroll Amazon Channel']
249;74387;[]
250;71694;['Disney Plus', 'Movistar Plus+ Ficción Total ', 'Max', 'Max  Originals Amazon Channel']
251;210942;['Netflix']
252;33217;['Netflix', 'Netflix Standard with Ads']
253;30984;['Disney Plus']
254;3570;[]
255;4087;['Disney Plus']
256;615;['Disney Plus']
257;62450;['Crunchyroll', 'Crunchyroll Amazon Channel']
258;46004;['Crunchyroll', 'Crunchyroll Amazon Channel']
259;2190;['fuboTV']
260;213402;['Crunchyroll', 'Crunchyroll Amazon Channel']
261;123876;['Netflix', 'Netflix Standard with Ads']
262;42589;[]
263;655;['Netflix', 'Movistar Plus+ Ficción Total ', 'SkyShowtime', 'Netflix Standard with Ads']
264;108284;['Amazon Prime Video']
265;5920;['Amazon Prime Video', 'Movistar Plus+ Ficción Total ', 'Max', 'Tivify', 'Max  Originals Amazon Channel']
266;121964;['Crunchyroll', 'Crunchyroll Amazon Channel']
267;62450;['Crunchyroll', 'Crunchyroll Amazon Channel']
268;65931;['Crunchyroll', 'Crunchyroll Amazon Channel']
269;65143;['Kocowa']
270;46260;['Amazon Prime Video', 'Crunchyroll', 'Crunchyroll Amazon Channel']
271;80350;['Amazon Prime Video', 'Movistar Plus+', 'Movistar Plus+ Ficción Total ']
272;2038;[]
273;100757;['Netflix', 'Netflix Standard with Ads']
274;91801;['Crunchyroll', 'Crunchyroll Amazon Channel']
275;83097;['Crunchyroll']
276;61923;['Disney Plus']
277;99071;[]
278;90660;['Netflix', 'Netflix Standard with Ads']
279;46994;[]
280;204832;['Crunchyroll', 'Crunchyroll Amazon Channel']
281;203737;['Netflix', 'Netflix Standard with Ads', 'AMC+ Amazon Channel', 'AMC Plus Apple TV Channel ']
282;153312;['Movistar Plus+ Ficción Total ', 'SkyShowtime']
283;74081;[]
284;69291;['Crunchyroll', 'Crunchyroll Amazon Channel']
285;604;[]
286;46041;[]
287;16286;['Atres Player']
288;12971;[]
289;78173;['Netflix', 'Netflix Standard with Ads']
290;61459;['Netflix', 'Netflix Standard with Ads', 'Crunchyroll', 'Crunchyroll Amazon Channel']
291;31724;['Netflix', 'Amazon Prime Video', 'Netflix Standard with Ads']
292;94997;['Max', 'Max  Originals Amazon Channel']
293;74440;['Movistar Plus+ Ficción Total ', 'Max', 'Max  Originals Amazon Channel']
294;79434;[]
295;226241;['Movistar Plus+ Ficción Total ', 'Max', 'Max  Originals Amazon Channel']
296;94404;['Netflix', 'Netflix Standard with Ads']
297;1920;['Filmin', 'SkyShowtime']
298;215720;['Netflix', 'Netflix Standard with Ads']
299;88043;['Crunchyroll', 'Crunchyroll Amazon Channel']
300;114395;['Netflix', 'Netflix Standard with Ads']
301;1437;[]
302;62568;['Crunchyroll', 'Crunchyroll Amazon Channel']
303;61192;['Kocowa']
304;42671;[]
305;2309;[]
306;61670;['Kocowa']
307;46028;['Disney Plus']
308;8724;[]
309;16946;[]
310;76747;['Netflix', 'Netflix Standard with Ads']
311;13579;[]
312;6040;[]
313;202284;['Movistar Plus+ Ficción Total ', 'Max', 'Max  Originals Amazon Channel']
314;95171;['Apple TV+', 'Apple TV Plus Amazon Channel']
315;4500;[]
316;67676;['Netflix', 'Netflix Standard with Ads']
317;18165;['Amazon Prime Video', 'Movistar Plus+ Ficción Total ', 'Max', 'Max  Originals Amazon Channel']
318;113268;['Netflix', 'Netflix Standard with Ads']
319;98986;['Crunchyroll', 'Crunchyroll Amazon Channel']
320;17149;[]
321;24835;[]
322;85404;[]
323;63145;[]
324;100087;[]
325;127529;['Netflix', 'Netflix Standard with Ads']
326;4057;['Disney Plus', 'Movistar Plus+', 'Movistar Plus+ Ficción Total ', 'Tivify']
327;97890;['MGM Plus Amazon Channel']
328;34109;[]
329;208336;['Disney Plus']
330;62650;['Amazon Prime Video', 'Tivify']
331;85702;[]
332;74682;['Kocowa']
333;60957;['Kocowa']
334;93149;['Crunchyroll', 'Crunchyroll Amazon Channel']
335;67126;[]
336;1063;[]
337;85552;['Movistar Plus+ Ficción Total ', 'Max', 'Max  Originals Amazon Channel']
338;51817;['Movistar Plus+ Ficción Total ', 'SkyShowtime']
339;93846;['Netflix', 'Netflix Standard with Ads']
340;61374;['Netflix', 'Netflix Standard with Ads']
341;1622;['Amazon Prime Video', 'Movistar Plus+ Ficción Total ', 'Max', 'Max  Originals Amazon Channel']
342;61223;[]
343;60622;['Amazon Prime Video', 'Movistar Plus+', 'Movistar Plus+ Ficción Total ', 'Max', 'MGM Plus Amazon Channel', 'Max  Originals Amazon Channel']
344;113808;['Crunchyroll', 'Crunchyroll Amazon Channel']
345;87784;['Apple TV+', 'Apple TV Plus Amazon Channel']
346;34742;[]
347;21631;['Amazon Prime Video', 'Movistar Plus+', 'Movistar Plus+ Ficción Total ', 'SkyShowtime', 'Atres Player']
348;99654;[]
349;61602;[]
350;99966;['Netflix', 'Netflix Standard with Ads']
351;92592;['Netflix', 'Netflix Standard with Ads']
352;69346;['Crunchyroll', 'Crunchyroll Amazon Channel']
353;79084;['Disney Plus']
354;67070;['Amazon Prime Video']
355;42009;['Netflix', 'Netflix Standard with Ads']
356;112888;[]
357;46648;['Movistar Plus+ Ficción Total ', 'Max', 'Max  Originals Amazon Channel']
358;2710;['Disney Plus']
359;38603;[]
360;65676;[]
361;888;['Disney Plus']
362;4629;['MGM Plus Amazon Channel']
363;96648;['Netflix', 'Netflix Standard with Ads']
364;63767;['Kocowa']
365;118357;['SkyShowtime']
366;112163;['Netflix', 'Netflix Standard with Ads']
367;62640;[]
368;89641;['Netflix', 'Netflix Standard with Ads']
369;61852;['Netflix', 'Amazon Prime Video', 'Movistar Plus+', 'Movistar Plus+ Ficción Total ', 'SkyShowtime', 'Netflix Standard with Ads']
370;95601;['Netflix', 'Movistar Plus+', 'Movistar Plus+ Ficción Total ', 'Netflix Standard with Ads']
371;39434;[]
372;14929;[]
373;8880;[]
374;2131;[]
375;105556;['Crunchyroll', 'Crunchyroll Amazon Channel']
376;92983;['Netflix', 'Netflix Standard with Ads']
377;61389;[]
378;39351;['Movistar Plus+ Ficción Total ', 'SkyShowtime']
379;52814;['Movistar Plus+ Ficción Total ', 'SkyShowtime']
380;71024;['Netflix', 'Netflix Standard with Ads']
381;16420;['Netflix', 'Netflix Standard with Ads']
382;106379;['Amazon Prime Video']
383;76331;['Movistar Plus+ Ficción Total ', 'Max', 'Max  Originals Amazon Channel']
384;61456;['Crunchyroll', 'Crunchyroll Amazon Channel']
385;46922;[]
386;84231;['YouTube Premium']
387;84200;[]
388;67667;['Amazon Prime Video']
389;12609;[]
390;1400;['Netflix', 'Netflix Standard with Ads']
391;101972;['Crunchyroll', 'Crunchyroll Amazon Channel']
392;688;[]
393;81046;['Netflix', 'Netflix Standard with Ads']
394;43982;['Netflix', 'Netflix Standard with Ads']
395;1891;['Movistar Plus+ Ficción Total ', 'Max', 'Max  Originals Amazon Channel']
396;96713;['Netflix', 'Netflix Standard with Ads']
397;63333;['Netflix', 'Netflix Standard with Ads']
398;110492;['Movistar Plus+ Ficción Total ', 'Max', 'Max  Originals Amazon Channel']
399;64710;[]
400;73586;['Netflix', 'Amazon Prime Video', 'Movistar Plus+ Ficción Total ', 'SkyShowtime', 'Netflix Standard with Ads']
401;849;[]
402;222766;['SkyShowtime']
403;206164;[]
404;99048;['Netflix', 'Netflix Standard with Ads']
405;61755;[]
406;62560;['Amazon Prime Video']
407;117303;['Apple TV+', 'Apple TV Plus Amazon Channel']
408;93256;['Crunchyroll', 'Crunchyroll Amazon Channel']
409;21510;['Disney Plus']
410;2207;[]
411;87527;['Netflix', 'Netflix Standard with Ads']
412;81358;['Disney Plus']
413;40008;[]
414;86831;['Netflix', 'Netflix Standard with Ads']
415;1988;[]
416;81356;['Netflix', 'Netflix Standard with Ads']
417;65320;[]
418;902;['Crunchyroll Amazon Channel']
419;79525;['Netflix', 'Netflix Standard with Ads']
420;131041;['Crunchyroll', 'Crunchyroll Amazon Channel']
421;83867;['Disney Plus']
422;71446;[]
423;155226;['Disney Plus']
424;114161;[]
425;110356;['Netflix', 'Netflix Standard with Ads']
426;95599;['Netflix', 'Netflix Standard with Ads']
427;67872;[]
428;1777;['Disney Plus']
429;208493;['Crunchyroll', 'Crunchyroll Amazon Channel']
430;97860;['Crunchyroll', 'Crunchyroll Amazon Channel']
431;81355;['Netflix', 'Netflix Standard with Ads']
432;66082;[]
433;18123;['Netflix', 'Netflix Standard with Ads']
434;2902;[]
435;67136;['Disney Plus', 'Amazon Prime Video']
436;1416;['Disney Plus']
437;75219;['Disney Plus', 'Movistar Plus+', 'Movistar Plus+ Ficción Total ']
438;98754;[]
439;70593;['Netflix', 'Netflix Standard with Ads']
440;42916;[]
441;75219;['Disney Plus', 'Movistar Plus+', 'Movistar Plus+ Ficción Total ']
442;32351;[]
443;135934;['Amazon Prime Video']
444;37680;['Netflix', 'Netflix Standard with Ads', 'Tivify']
445;90;['Disney Plus', 'Movistar Plus+', 'Movistar Plus+ Ficción Total ']
446;31251;['Netflix', 'Movistar Plus+ Ficción Total ', 'SkyShowtime', 'Netflix Standard with Ads']
447;90630;[]
448;1911;['Disney Plus', 'Amazon Prime Video']
449;1457;[]
450;106519;['Crunchyroll', 'Crunchyroll Amazon Channel']
451;76773;['Disney Plus', 'Tivify']
452;33880;['Movistar Plus+ Ficción Total ', 'SkyShowtime']
453;85271;['Disney Plus']
454;60797;[]
455;8974;[]
456;1405;['Netflix', 'Movistar Plus+ Ficción Total ', 'SkyShowtime', 'Netflix Standard with Ads']
457;1043;['Netflix', 'Netflix Standard with Ads']
458;104877;['Disney Plus']
459;103847;[]
460;1095;[]
461;104877;['Disney Plus']
462;1087;[]
463;95314;[]
464;77169;['Netflix', 'YouTube Premium', 'Netflix Standard with Ads', 'Tivify']
465;58957;[]
466;69740;['Netflix', 'Netflix Standard with Ads']
467;1972;['Movistar Plus+ Ficción Total ', 'SkyShowtime']
468;48891;['Netflix', 'Netflix Standard with Ads']
469;4336;[]
470;157744;['Movistar Plus+ Ficción Total ', 'SkyShowtime']
471;115577;['Netflix', 'Netflix Standard with Ads']
472;105971;['Disney Plus']
473;102903;['Netflix', 'Netflix Standard with Ads']
474;65494;['Netflix', 'Netflix Standard with Ads']
475;31109;[]
476;104699;['Netflix', 'Netflix Standard with Ads']
477;61695;[]
478;37863;[]
479;87083;['Netflix', 'Netflix Standard with Ads']
480;21409;['Netflix', 'Netflix Standard with Ads']
481;4604;['Amazon Prime Video']
482;115004;['Movistar Plus+ Ficción Total ', 'Max', 'Max  Originals Amazon Channel']
483;99778;['Crunchyroll', 'Crunchyroll Amazon Channel']
484;136315;['Disney Plus']
485;83103;[]
486;71365;['Movistar Plus+ Ficción Total ', 'SkyShowtime']
487;114547;['Disney Plus']
488;6782;[]
489;79242;['Netflix', 'Netflix Standard with Ads']
490;56570;['Netflix', 'Movistar Plus+', 'Movistar Plus+ Ficción Total ', 'Netflix Standard with Ads']
491;1395;['Netflix', 'Amazon Prime Video', 'Movistar Plus+ Ficción Total ', 'Max', 'Netflix Standard with Ads', 'Max  Originals Amazon Channel']
492;97525;['Crunchyroll', 'Crunchyroll Amazon Channel']
493;67166;['Netflix', 'Netflix Standard with Ads']
494;124364;['Movistar Plus+ Ficción Total ', 'Max', 'Max  Originals Amazon Channel']
495;75865;['Crunchyroll', 'Crunchyroll Amazon Channel']
496;113558;[]
497;60728;['Crunchyroll', 'Crunchyroll Amazon Channel']
498;2660;[]
499;45782;['Crunchyroll', 'Crunchyroll Amazon Channel']
500;9907;[]
501;62715;['Crunchyroll']
502;198004;['Netflix', 'Netflix Standard with Ads']
503;82428;['Movistar Plus+ Ficción Total ', 'Max', 'Max  Originals Amazon Channel']
504;78074;['Netflix', 'Netflix Standard with Ads']
505;129478;['Netflix', 'Netflix Standard with Ads']
506;69478;['Amazon Prime Video', 'Movistar Plus+ Ficción Total ', 'Max', 'MGM Plus Amazon Channel', 'Max  Originals Amazon Channel']
507;236994;['Netflix', 'Netflix Standard with Ads', 'Crunchyroll', 'Crunchyroll Amazon Channel']
508;1981;[]
509;33623;['Disney Plus']
510;56998;[]
511;72305;['Netflix', 'Netflix Standard with Ads']
512;19849;[]
513;112162;['Netflix', 'Netflix Standard with Ads']
514;84958;['Disney Plus']
515;4574;['Disney Plus']
516;118821;['Crunchyroll', 'Crunchyroll Amazon Channel']
517;4686;['Movistar Plus+ Ficción Total ', 'Max', 'Max  Originals Amazon Channel']
518;2085;[]
519;105590;[]
520;90870;['Disney Plus']
521;35338;['Disney Plus', 'Amazon Prime Video', 'Tivify']
522;105797;['Netflix', 'Netflix Standard with Ads']
523;111110;['Netflix', 'Netflix Standard with Ads']
524;110316;['Netflix', 'Netflix Standard with Ads']
525;77240;[]
526;94280;['Movistar Plus+ Ficción Total ', 'Max', 'Max  Originals Amazon Channel']
527;34791;['Netflix', 'Netflix Standard with Ads']
528;194766;['Amazon Prime Video']
529;117465;['Crunchyroll', 'Crunchyroll Amazon Channel']
530;61889;['Disney Plus']
531;34105;[]
532;121078;['Crunchyroll', 'Crunchyroll Amazon Channel']
533;61593;['Movistar Plus+ Ficción Total ', 'Max', 'Max  Originals Amazon Channel']
534;2382;[]
535;34307;['Netflix', 'Amazon Prime Video', 'Movistar Plus+ Ficción Total ', 'Max', 'Netflix Standard with Ads', 'Max  Originals Amazon Channel']
536;4743;['Netflix', 'Amazon Prime Video', 'Movistar Plus+ Ficción Total ', 'SkyShowtime', 'Atres Player', 'Netflix Standard with Ads']
537;125988;['Apple TV+', 'Apple TV Plus Amazon Channel']
538;66329;['Kocowa']
539;45501;[]
540;37527;[]
541;79061;['Movistar Plus+ Ficción Total ', 'Max', 'Max  Originals Amazon Channel']
542;240;[]
543;117465;['Crunchyroll', 'Crunchyroll Amazon Channel']
544;21729;[]
545;76874;['Netflix', 'Netflix Standard with Ads']
546;2490;[]
547;18011;[]
548;128883;['Netflix', 'Netflix Standard with Ads']
549;2913;[]
550;96203;['Crunchyroll', 'Crunchyroll Amazon Channel']
551;90814;['Netflix', 'Netflix Standard with Ads']
552;900;[]
553;79649;[]
554;1813;[]
555;97727;['Netflix', 'Netflix Standard with Ads']
556;1100;['Disney Plus']
557;790;['Amazon Prime Video']
558;2604;[]
559;80671;[]
560;12504;[]
561;61720;['Disney Plus']
562;71731;[]
563;5178;['Kocowa']
564;72548;['Kocowa']
565;33765;[]
566;91875;[]
567;1414;['Movistar Plus+', 'Movistar Plus+ Ficción Total ']
568;5303;[]
569;87539;[]
570;1705;['Movistar Plus+ Ficción Total ', 'Max', 'Max  Originals Amazon Channel']
571;513;[]
572;34899;['Atres Player']
573;94810;['Movistar Plus+ Ficción Total ', 'Max', 'Max  Originals Amazon Channel']
574;1618;['Netflix', 'Netflix Standard with Ads']
575;65329;[]
576;3215;['Kocowa']
577;46195;[]
578;1406;['Movistar Plus+ Ficción Total ', 'SkyShowtime']
579;95;['Disney Plus']
580;99047;['Netflix', 'Netflix Standard with Ads']
581;61339;[]
582;67178;['Disney Plus']
583;60956;['Kocowa']
584;60573;['Movistar Plus+ Ficción Total ', 'Max', 'Max  Originals Amazon Channel']
585;1778;[]
586;17572;[]
587;89905;['Movistar Plus+ Ficción Total ']
588;82591;['Amazon Prime Video']
589;74094;[]
590;103516;['Movistar Plus+ Ficción Total ', 'SkyShowtime']
591;80623;['Netflix', 'Netflix Standard with Ads']
592;57041;[]
593;39518;[]
594;1413;['Disney Plus']
595;1104;['Netflix', 'Netflix Standard with Ads', 'AMC+ Amazon Channel']
596;45815;[]
597;12406;[]
598;1835;[]
599;72844;['Netflix', 'Netflix Standard with Ads']
600;155292;['Netflix', 'Netflix Standard with Ads']
601;91239;['Netflix', 'Netflix Standard with Ads']
602;129600;['Netflix', 'Netflix Standard with Ads']
603;91363;['Disney Plus']
604;70540;[]
605;60808;['Netflix', 'Netflix Standard with Ads']
606;108978;['Amazon Prime Video']
607;33841;[]
608;64706;[]
609;33907;['Amazon Prime Video']
610;1719;['Disney Plus']
611;211684;['AMC+ Amazon Channel', 'AMC Plus Apple TV Channel ']
612;85844;['Crunchyroll', 'Crunchyroll Amazon Channel']
613;80752;['Apple TV+', 'Apple TV Plus Amazon Channel']
614;799;[]
615;93812;['MGM Plus Amazon Channel']
616;11721;['Atres Player']
617;1274;['Netflix', 'Movistar Plus+ Ficción Total ', 'Max', 'Netflix Standard with Ads', 'Max  Originals Amazon Channel']
618;155537;['Apple TV+', 'Apple TV Plus Amazon Channel']
619;35016;[]
620;1402;['Netflix', 'Disney Plus', 'Movistar Plus+ Ficción Total ', 'Max', 'Netflix Standard with Ads', 'AMC+ Amazon Channel', 'AMC Plus Apple TV Channel ', 'Max  Originals Amazon Channel']
621;72002;['Netflix', 'Netflix Standard with Ads']
622;64320;['Kocowa']
623;88974;['Kocowa']
624;44217;['Netflix', 'Netflix Standard with Ads']
625;71790;['Netflix', 'Movistar Plus+', 'Movistar Plus+ Ficción Total ', 'Netflix Standard with Ads', 'Tivify']
626;112613;['Crunchyroll', 'Crunchyroll Amazon Channel']
627;86430;[]
628;214603;['Netflix', 'Netflix Standard with Ads']
629;76148;['Netflix', 'Netflix Standard with Ads']
630;71578;['Netflix', 'Netflix Standard with Ads']
631;958;[]
632;100883;['Netflix', 'Netflix Standard with Ads']
633;873;['Amazon Prime Video', 'Movistar Plus+ Ficción Total ', 'SkyShowtime']
634;111499;['Amazon Prime Video']
635;68814;['Netflix', 'Netflix Standard with Ads']
636;135238;['Netflix', 'Netflix Standard with Ads']
637;97219;['Netflix', 'Netflix Standard with Ads']
638;26453;[]
639;15621;['Max', 'Max  Originals Amazon Channel']
640;15621;['Max', 'Max  Originals Amazon Channel']
641;59375;['Disney Plus']
642;44264;['Amazon Prime Video', 'Filmin']
643;2288;['Netflix', 'Disney Plus', 'Netflix Standard with Ads']
644;713;[]
645;67744;['Netflix', 'Netflix Standard with Ads']
646;45016;['Tivify']
647;1606;['Disney Plus']
648;128306;['Disney Plus']
649;1411;[]
650;196614;['Netflix', 'Netflix Standard with Ads']
651;195670;['Netflix', 'Netflix Standard with Ads']
652;73946;['Amazon Prime Video']
653;44856;[]
654;117581;['Netflix', 'Netflix Standard with Ads']
655;63639;['Amazon Prime Video']
656;18350;['Atres Player']
657;7217;[]
658;2352;[]
659;113962;['Movistar Plus+ Ficción Total ', 'SkyShowtime']
660;92967;['Atres Player']
661;31654;['Crunchyroll', 'Crunchyroll Amazon Channel']
662;113962;['Movistar Plus+ Ficción Total ', 'SkyShowtime']
663;679;[]
664;135340;[]
665;203085;['Disney Plus']
666;46786;['Movistar Plus+ Ficción Total ', 'SkyShowtime']
667;107171;[]
668;48865;[]
669;74577;['Netflix', 'Netflix Standard with Ads']
670;903;[]
671;95057;['Movistar Plus+ Ficción Total ', 'Max', 'Max  Originals Amazon Channel']
672;78722;['Atres Player']
673;202555;['Disney Plus']
674;17438;[]
675;12598;[]
676;6673;[]
677;1848;['Amazon Prime Video']
678;194583;['Tivify', 'AMC+ Amazon Channel', 'AMC Plus Apple TV Channel ']
679;32605;['Netflix', 'Netflix Standard with Ads']
680;326;[]
681;72509;['Crunchyroll', 'Crunchyroll Amazon Channel']
682;39218;[]
683;78191;['Netflix', 'Netflix Standard with Ads']
684;89393;['Disney Plus']
685;71740;['Atres Player']
686;66958;['Crunchyroll', 'Crunchyroll Amazon Channel']
687;897;[]
688;71728;['Netflix', 'Disney Plus', 'Amazon Prime Video', 'Movistar Plus+', 'Movistar Plus+ Ficción Total ', 'Netflix Standard with Ads', 'Tivify']
689;65334;['Netflix', 'Disney Plus', 'Netflix Standard with Ads']
690;63351;['Netflix', 'Netflix Standard with Ads']
691;252;[]
692;79699;[]
693;79086;['Disney Plus', 'Movistar Plus+ Ficción Total ', 'Max', 'Max  Originals Amazon Channel']
694;61068;[]
695;71789;['Movistar Plus+', 'Movistar Plus+ Ficción Total ', 'SkyShowtime']
696;63247;[]
697;32910;['Amazon Prime Video']
698;1487;[]
699;110534;['Netflix', 'Netflix Standard with Ads']
700;36581;[]
701;3137;[]
702;4018;[]
703;815;[]
704;196454;['Netflix', 'Netflix Standard with Ads']
705;110695;['Disney Plus']
706;13023;[]
707;211747;['Amazon Prime Video']
708;58981;['Netflix', 'Amazon Prime Video', 'Movistar Plus+', 'Movistar Plus+ Ficción Total ', 'SkyShowtime', 'Netflix Standard with Ads']
709;71915;['Amazon Prime Video']
710;33428;[]
711;4278;[]
712;76669;['Netflix', 'Netflix Standard with Ads']
713;14009;[]
714;90260;['Netflix', 'Netflix Standard with Ads']
715;71912;['Netflix', 'Netflix Standard with Ads']
716;4459;['Disney Plus']
717;94028;['Netflix', 'Netflix Standard with Ads']
718;64757;[]
719;4625;[]
720;46296;['MGM Plus Amazon Channel', 'Lionsgate+ Amazon Channels']
721;45845;[]
722;226637;['Disney Plus']
723;94028;['Netflix', 'Netflix Standard with Ads']
724;76231;['Disney Plus', 'Movistar Plus+ Ficción Total ', 'Max', 'Max  Originals Amazon Channel']
725;97175;['Netflix', 'Netflix Standard with Ads']
726;75123;[]
727;8592;[]
728;38974;['Disney Plus']
729;78102;['Crunchyroll Amazon Channel']
730;3322;[]
731;75775;['Crunchyroll']
732;14853;[]
733;4546;['Movistar Plus+ Ficción Total ', 'Max', 'Max  Originals Amazon Channel']
734;456;['Disney Plus', 'Tivify']
735;4556;['Disney Plus']
736;93741;['Netflix', 'Netflix Standard with Ads']
737;101591;['MGM Plus Amazon Channel']
738;103157;['Crunchyroll', 'Crunchyroll Amazon Channel']
739;65495;['Disney Plus']
740;62455;['Netflix', 'Disney Plus', 'Amazon Prime Video', 'Netflix Standard with Ads']
741;61901;[]
742;14853;[]
743;537;[]
744;253;['Netflix', 'Netflix Standard with Ads']
745;120911;['Amazon Prime Video']
746;42912;['Amazon Prime Video']
747;1425;['Netflix', 'Netflix Standard with Ads']
748;46849;[]
749;61746;['Filmin']
750;99080;[]
751;80828;[]
752;46511;[]
753;42445;['Netflix', 'Netflix Standard with Ads']
754;61929;['Movistar Plus+ Ficción Total ', 'Max', 'Max  Originals Amazon Channel']
755;26867;['Crunchyroll', 'Crunchyroll Amazon Channel']
756;18347;[]
757;95215;['Disney Plus']
758;83631;['Disney Plus', 'Movistar Plus+ Ficción Total ', 'Max', 'Max  Originals Amazon Channel']
759;80477;['Crunchyroll', 'Crunchyroll Amazon Channel']
760;80477;['Crunchyroll', 'Crunchyroll Amazon Channel']
761;63407;['Atres Player']
762;44807;[]
763;113988;['Netflix', 'Netflix Standard with Ads']
764;1419;['Disney Plus', 'Tivify']
765;30983;['Amazon Prime Video', 'Crunchyroll', 'Crunchyroll Amazon Channel']
766;5371;['Movistar Plus+ Ficción Total ', 'SkyShowtime']
767;1621;['Movistar Plus+ Ficción Total ', 'Max', 'Max  Originals Amazon Channel']
768;62428;['Crunchyroll', 'Crunchyroll Amazon Channel']
769;61415;[]
770;65292;['Netflix', 'Netflix Standard with Ads']
771;80240;['Netflix', 'Netflix Standard with Ads']
772;82;[]
773;110562;[]
774;84503;[]
775;31917;['Amazon Prime Video', 'Movistar Plus+ Ficción Total ', 'Max', 'Max  Originals Amazon Channel']
776;2022;[]
777;79008;['Netflix', 'Netflix Standard with Ads']
778;67557;['Amazon Prime Video']
779;41727;['Max', 'Max  Originals Amazon Channel']
780;43270;[]
781;131927;['Movistar Plus+ Ficción Total ', 'SkyShowtime']
782;114068;['Movistar Plus+ Ficción Total ', 'SkyShowtime']
783;87689;['Netflix', 'Netflix Standard with Ads']
784;5895;['Max', 'Crunchyroll']
785;88367;['Max', 'Max  Originals Amazon Channel']
786;208891;['Disney Plus']
787;73544;['Netflix', 'Movistar Plus+ Ficción Total ', 'Max', 'Netflix Standard with Ads', 'Max  Originals Amazon Channel']
788;94795;['Netflix', 'Netflix Standard with Ads']
789;7246;[]
790;72;[]
791;85801;['Disney Plus']
792;9343;[]
793;66573;['Netflix', 'Netflix Standard with Ads']
794;32368;['Tivify']
795;103786;['Netflix', 'Netflix Standard with Ads']
796;9027;[]
797;88324;['Netflix', 'Netflix Standard with Ads']
798;66276;['Movistar Plus+ Ficción Total ', 'Max', 'Max  Originals Amazon Channel']
799;95603;[]
800;206586;['AMC+ Amazon Channel', 'AMC Plus Apple TV Channel ']
801;58956;['Pash Amazon Channel']
802;96716;[]
803;88236;['Netflix', 'Netflix Standard with Ads']
804;91275;['Netflix', 'Netflix Standard with Ads']
805;17174;['Movistar Plus+', 'Movistar Plus+ Ficción Total ']
806;2391;[]
807;1712;[]
808;1436;['Disney Plus']
809;100412;['Netflix', 'Netflix Standard with Ads']
810;91977;['Amazon Prime Video']
811;4327;['Amazon Prime Video']
812;66203;['Disney Plus']
813;201834;['Movistar Plus+ Ficción Total ', 'SkyShowtime']
814;1695;['Amazon Prime Video', 'Movistar Plus+ Ficción Total ', 'SkyShowtime', 'Tivify']
815;72750;[]
816;4607;['Netflix', 'Disney Plus', 'Netflix Standard with Ads']
817;10283;['Netflix', 'Netflix Standard with Ads']
818;52;[]
819;157741;['Movistar Plus+ Ficción Total ', 'SkyShowtime']
820;77939;['Amazon Prime Video', 'Crunchyroll']
821;512;[]
822;1570;['Amazon Prime Video']
823;668;[]
824;99073;['Crunchyroll', 'Crunchyroll Amazon Channel']
825;95480;['Apple TV+', 'Apple TV Plus Amazon Channel']
826;38165;[]
827;64163;['Crunchyroll', 'Crunchyroll Amazon Channel']
828;40403;[]
829;2734;['Amazon Prime Video', 'Movistar Plus+', 'Movistar Plus+ Ficción Total ', 'SkyShowtime']
830;1781;[]
831;156933;['Apple TV+', 'Apple TV Plus Amazon Channel']
832;10331;['Movistar Plus+ Ficción Total ', 'Max', 'Max  Originals Amazon Channel']
833;4589;['Netflix', 'Disney Plus', 'Netflix Standard with Ads']
834;90802;['Netflix', 'Netflix Standard with Ads']
835;21641;['Disney Plus']
836;1427;['Amazon Prime Video']
837;111141;['Netflix', 'Netflix Standard with Ads']
838;87428;['Movistar Plus+ Ficción Total ', 'SkyShowtime']
839;62227;[]
840;80968;['Netflix', 'Netflix Standard with Ads', 'Tivify']
841;19253;[]
842;60585;['Amazon Prime Video']
843;126531;['Netflix', 'Netflix Standard with Ads']
844;50035;['Movistar Plus+ Ficción Total ', 'Max', 'Max  Originals Amazon Channel']
845;42942;[]
846;116174;[]
847;61244;[]
848;2742;['Movistar Plus+ Ficción Total ', 'Max', 'Max  Originals Amazon Channel']
849;116386;[]
850;99583;['Movistar Plus+ Ficción Total ', 'SkyShowtime']
851;60572;['Netflix']
852;2719;[]
853;1554;[]
854;1892;[]
855;4455;[]
856;44317;[]
857;96444;[]
858;44953;[]
859;126027;['Movistar Plus+', 'Movistar Plus+ Ficción Total ']
860;66496;['Kocowa']
861;18685;['Atres Player']
862;12536;['Crunchyroll', 'Crunchyroll Amazon Channel']
863;745;[]
864;61418;[]
865;59659;['AMC+ Amazon Channel', 'AMC Plus Apple TV Channel ']
866;88640;[]
867;918;[]
868;17035;['Movistar Plus+ Ficción Total ', 'Max', 'Max  Originals Amazon Channel']
869;80563;['Crunchyroll', 'Crunchyroll Amazon Channel']
870;693;['Disney Plus']
871;226135;['Netflix', 'Netflix Standard with Ads']
872;45579;['Kocowa']
873;67272;['Kocowa']
874;2730;[]
875;80748;['Movistar Plus+', 'Movistar Plus+ Ficción Total ', 'SkyShowtime', 'Tivify']
876;1418;['Movistar Plus+ Ficción Total ', 'Max', 'Tivify', 'Max  Originals Amazon Channel']
877;46261;[]
878;8358;['Disney Plus']
879;82700;['Netflix', 'Netflix Standard with Ads']
880;73944;[]
881;4598;[]
882;80825;[]
883;75450;['Netflix']
884;38464;['Crunchyroll', 'Crunchyroll Amazon Channel']
885;32871;[]
886;59186;['Max']
887;185;['Movistar Plus+ Ficción Total ', 'Max', 'Max  Originals Amazon Channel']
888;65708;['Filmin', 'AMC+ Amazon Channel', 'AMC Plus Apple TV Channel ']
889;72462;['Netflix', 'Netflix Standard with Ads']
890;16830;[]
891;32895;['Amazon Prime Video']
892;73107;['Movistar Plus+ Ficción Total ', 'Max', 'Max  Originals Amazon Channel']
893;61014;['Movistar Plus+ Ficción Total ', 'Max', 'Max  Originals Amazon Channel']
894;17463;[]
895;106158;['Movistar Plus+', 'Movistar Plus+ Ficción Total ']
896;56425;[]
897;96571;['Netflix', 'Netflix Standard with Ads']
898;38693;['Netflix', 'Netflix Standard with Ads']
899;5835;[]
900;62255;[]
901;48866;[]
902;580;['Netflix', 'Netflix Standard with Ads']
903;97951;['SkyShowtime']
904;44824;[]
905;553;[]
906;530;[]
907;76122;['Crunchyroll', 'Crunchyroll Amazon Channel']
908;66292;['Movistar Plus+ Ficción Total ', 'Max', 'Max  Originals Amazon Channel']
909;2426;['Disney Plus']
910;12614;['Atres Player']
911;4586;['Netflix', 'Disney Plus', 'Amazon Prime Video', 'Netflix Standard with Ads']
912;5622;[]
913;1877;['Disney Plus']
914;1450;[]
915;36983;[]
916;90296;['Movistar Plus+ Ficción Total ', 'Max', 'Max  Originals Amazon Channel']
917;63109;[]
918;124800;['Movistar Plus+ Ficción Total ', 'Max', 'Max  Originals Amazon Channel']
919;12777;[]
920;133748;['Movistar Plus+', 'Movistar Plus+ Ficción Total ']
921;42511;[]
922;60694;[]
923;68507;['Movistar Plus+ Ficción Total ', 'Max', 'Max  Originals Amazon Channel']
924;1447;[]
925;1421;['Disney Plus']
926;153411;['Movistar Plus+ Ficción Total ', 'SkyShowtime']
927;61738;['Kocowa']
928;1069;[]
929;110382;['Apple TV+', 'Apple TV Plus Amazon Channel']
930;92053;[]
931;6024;[]
932;65988;[]
933;652;[]
934;85021;['Movistar Plus+ Ficción Total ', 'SkyShowtime']
935;79410;['Netflix', 'Netflix Standard with Ads']
936;249042;['Netflix', 'Netflix Standard with Ads']
937;121;[]
938;82369;[]
939;93405;['Netflix', 'Netflix Standard with Ads']
940;88713;[]
941;236235;['Netflix', 'Netflix Standard with Ads']
942;123548;['Netflix', 'Netflix Standard with Ads']
943;71715;['Netflix', 'Netflix Standard with Ads']
944;62046;['Disney Plus']
945;4482;[]
946;111625;['Netflix', 'Netflix Standard with Ads']
947;60833;['Crunchyroll', 'Crunchyroll Amazon Channel']
948;1426;[]
949;79588;['Movistar Plus+ Ficción Total ', 'Max', 'Max  Originals Amazon Channel']
950;32226;['Kocowa']
951;82452;['Netflix', 'Netflix Standard with Ads']
952;70881;['Amazon Prime Video', 'Crunchyroll', 'Crunchyroll Amazon Channel']
953;86248;['Amazon Prime Video']
954;46533;['Disney Plus']
955;11767;[]
956;5639;[]
957;606;[]
958;110531;['Movistar Plus+ Ficción Total ', 'Max', 'Max  Originals Amazon Channel']
959;73481;[]
960;45871;[]
961;70176;[]
962;4271;[]
963;199001;['Netflix', 'Netflix Standard with Ads']
964;134865;[]
965;128252;['Netflix', 'Netflix Standard with Ads']
966;83050;['Netflix', 'Netflix Standard with Ads']
967;63764;[]
968;132750;['Netflix', 'Netflix Standard with Ads']
969;107365;[]
970;88329;['Disney Plus']
971;66084;[]
972;132141;['Netflix', 'Netflix Standard with Ads']
973;25707;['Amazon Prime Video', 'Filmin']
974;111616;['Netflix', 'Netflix Standard with Ads']
975;90462;['Movistar Plus+', 'Movistar Plus+ Ficción Total ', 'SkyShowtime']
976;61056;['Disney Plus']
977;42035;['Netflix', 'Amazon Prime Video', 'Movistar Plus+', 'Movistar Plus+ Ficción Total ', 'SkyShowtime', 'Atres Player', 'Netflix Standard with Ads']
978;32726;['Disney Plus']
979;31586;['Netflix']
980;115645;[]
981;79251;[]
982;4269;[]
983;32209;[]
984;103411;['Netflix', 'Netflix Standard with Ads']
985;85720;['Netflix', 'Netflix Standard with Ads']
986;209167;['Netflix', 'Netflix Standard with Ads']
987;62742;[]
988;34415;['Disney Plus']
989;113036;['Disney Plus']
990;926;[]
991;68073;['Netflix', 'Movistar Plus+', 'Movistar Plus+ Ficción Total ', 'SkyShowtime', 'Netflix Standard with Ads']
992;64439;['Netflix', 'Netflix Standard with Ads']
993;1660;[]
994;205715;['Amazon Prime Video']
995;54583;[]
996;124271;['Movistar Plus+', 'Movistar Plus+ Ficción Total ', 'Tivify']
997;78204;['Crunchyroll']
998;54671;['Movistar Plus+ Ficción Total ', 'SkyShowtime']
999;35279;['Disney Plus']
1000;85940;['Netflix', 'Netflix Standard with Ads']
1001;1432;['Amazon Prime Video']
1002;72350;['Disney Plus']
1003;65942;['Crunchyroll', 'Crunchyroll Amazon Channel']
1004;77236;['Netflix', 'Movistar Plus+', 'Movistar Plus+ Ficción Total ', 'SkyShowtime', 'Netflix Standard with Ads']
1005;15842;[]
1006;4345;[]
1007;7225;[]
1008;4588;[]
1009;103768;['Netflix', 'Netflix Standard with Ads']
1010;2416;[]
1011;204541;[]
1012;2996;[]
1013;96580;['Netflix', 'Movistar Plus+', 'Movistar Plus+ Ficción Total ', 'Netflix Standard with Ads']
1014;605;[]
1015;97645;['Disney Plus']
1016;1428;[]
1017;32692;['Movistar Plus+', 'Movistar Plus+ Ficción Total ']
1018;2942;[]
1019;118956;['Netflix', 'Netflix Standard with Ads']
1020;91557;['Netflix', 'Netflix Standard with Ads']
1021;48462;['Kocowa']
1022;88045;['Crunchyroll', 'Crunchyroll Amazon Channel']
1023;70215;['MGM Plus Amazon Channel', 'Lionsgate+ Amazon Channels']
1024;56296;[]
1025;2260;['Netflix', 'Netflix Standard with Ads']
1026;65555;[]
1027;15079;['Disney Plus']
1028;129552;['Netflix', 'Netflix Standard with Ads']
1029;75208;['Netflix', 'Netflix Standard with Ads']
1030;37305;[]
1031;61421;['Netflix', 'Netflix Standard with Ads']
1032;111111;['Netflix', 'Netflix Standard with Ads']
1033;64671;[]
1034;61018;[]
1035;60726;[]
1036;79863;[]
1037;71225;['Netflix', 'Netflix Standard with Ads']
1038;226362;['Netflix', 'Netflix Standard with Ads']
1039;1720;[]
1040;90823;['Disney Plus']
1041;122194;['Movistar Plus+', 'Movistar Plus+ Ficción Total ']
1042;42350;['Atres Player']
1043;62917;[]
1044;2418;[]
1045;1855;['Netflix', 'Netflix Standard with Ads']
1046;196322;['Apple TV+', 'Apple TV Plus Amazon Channel']
1047;82282;[]
1048;83596;['Mitele ']
1049;71809;['Netflix', 'Netflix Standard with Ads']
1050;46518;['Apple TV+', 'Apple TV Plus Amazon Channel']
1051;1032;['Amazon Prime Video', 'Tivify']
1052;86423;['Netflix', 'Netflix Standard with Ads']
1053;60866;[]
1054;50712;['Crunchyroll', 'Crunchyroll Amazon Channel']
1055;1973;['Disney Plus', 'Amazon Prime Video']
1056;80743;['Netflix', 'Netflix Standard with Ads']
1057;2693;['Movistar Plus+ Ficción Total ', 'Max', 'Max  Originals Amazon Channel']
1058;242876;['Netflix', 'Netflix Standard with Ads']
1059;99799;['Movistar Plus+', 'Movistar Plus+ Ficción Total ']
1060;49471;[]
1061;1126;[]
1062;82001;['Movistar Plus+ Ficción Total ', 'Max', 'Max  Originals Amazon Channel']
1063;129035;['AMC+ Amazon Channel', 'AMC Plus Apple TV Channel ']
1064;86848;['Movistar Plus+', 'Movistar Plus+ Ficción Total ', 'SkyShowtime']
1065;82515;['Atres Player']
1066;43865;['Netflix', 'Amazon Prime Video', 'Netflix Standard with Ads', 'Crunchyroll', 'Crunchyroll Amazon Channel']
1067;34793;['Crunchyroll', 'Crunchyroll Amazon Channel']
1068;16997;['Netflix', 'Movistar Plus+ Ficción Total ', 'Max', 'Netflix Standard with Ads', 'Max  Originals Amazon Channel']
1069;102904;['Netflix', 'Netflix Standard with Ads']
1070;66761;[]
1071;33873;['Disney Plus']
1072;3763;['Disney Plus']
1073;2171;['Amazon Prime Video']
1074;92137;['Amazon Prime Video']
1075;32962;[]
1076;19649;[]
1077;60735;['Movistar Plus+ Ficción Total ', 'Max']
1078;136322;[]
1079;80307;['Netflix', 'Netflix Standard with Ads']
1080;60743;[]
1081;79352;['Netflix', 'Netflix Standard with Ads']
1082;58539;['Atres Player']
1083;2429;[]
1084;93740;['Apple TV+', 'Apple TV Plus Amazon Channel']
1085;64464;['Amazon Prime Video']
1086;87049;['Netflix', 'Netflix Standard with Ads']
1087;3122;['Disney Plus']
1088;2211;[]
1089;136311;['Apple TV+', 'Apple TV Plus Amazon Channel']
1090;112836;['Netflix', 'Netflix Standard with Ads']
1091;34408;['Crunchyroll']
1092;1830;[]
1093;90282;['Apple TV+', 'Apple TV Plus Amazon Channel']
1094;64353;[]
1095;269;['Amazon Prime Video']
1096;99581;['Netflix', 'Netflix Standard with Ads']
1097;95403;['Amazon Prime Video']
1098;73467;['Netflix', 'Netflix Standard with Ads']
1099;2973;[]
1100;80169;['Netflix', 'Netflix Standard with Ads']
1101;62084;[]
1102;32798;['Movistar Plus+ Ficción Total ', 'SkyShowtime', 'Tivify']
1103;61859;['Amazon Prime Video']
1104;7311;['Netflix', 'Netflix Standard with Ads']
1105;4620;[]
1106;202411;['Apple TV+', 'Apple TV Plus Amazon Channel']
1107;89572;['Movistar Plus+ Ficción Total ', 'Max', 'Max  Originals Amazon Channel']
1108;87623;[]
1109;2673;['Amazon Prime Video', 'Movistar Plus+ Ficción Total ', 'Max', 'Max  Originals Amazon Channel']
1110;71722;[]
1111;58710;[]
1112;25760;[]
1113;82424;['Movistar Plus+', 'Movistar Plus+ Ficción Total ']
1114;66980;[]
1115;13027;['Mitele ']
1116;235759;[]
1117;63418;['Disney Plus']
1118;61664;['Netflix', 'Netflix Standard with Ads']
1119;154385;['Netflix', 'Netflix Standard with Ads']
1120;95259;['Netflix', 'Netflix Standard with Ads']
1121;70828;[]
1122;63418;['Disney Plus']
1123;198102;['Apple TV+', 'Apple TV Plus Amazon Channel']
1124;2617;[]
1125;69851;['Disney Plus', 'Movistar Plus+ Ficción Total ', 'Max', 'Max  Originals Amazon Channel']
1126;93292;[]
1127;33761;['Atres Player']
1128;5522;[]
1129;3868;[]
1130;77567;['Atres Player']
1131;62852;['Movistar Plus+', 'Movistar Plus+ Ficción Total ', 'SkyShowtime']
1132;14141;[]
1133;346;[]
1134;60554;[]
1135;77601;['Netflix', 'Netflix Standard with Ads']
1136;71886;['Disney Plus']
1137;54728;[]
1138;33987;[]
1139;88061;['Crunchyroll', 'Crunchyroll Amazon Channel']
1140;5273;[]
1141;70453;['Movistar Plus+ Ficción Total ', 'Max', 'Max  Originals Amazon Channel']
1142;61662;['Netflix', 'Netflix Standard with Ads']
1143;24106;[]
1144;119988;['Netflix', 'Netflix Standard with Ads']
1145;96677;['Netflix', 'Netflix Standard with Ads']
1146;19588;['Atres Player']
1147;18520;['Movistar Plus+', 'Movistar Plus+ Ficción Total ']
1148;1918;[]
1149;160;[]
1150;80986;['Movistar Plus+ Ficción Total ', 'Max', 'Max  Originals Amazon Channel']
1151;33852;[]
1152;1404;['Amazon Prime Video']
1153;3796;['Netflix']
1154;44305;['Movistar Plus+', 'Movistar Plus+ Ficción Total ', 'SkyShowtime']
1155;87017;['MGM Plus Amazon Channel']
1156;102966;[]
1157;93166;['Movistar Plus+', 'Movistar Plus+ Ficción Total ']
1158;90766;['Netflix', 'Netflix Standard with Ads']
1159;114892;['Crunchyroll', 'Crunchyroll Amazon Channel']
1160;62264;['Lionsgate+ Amazon Channels']
1161;2875;[]
1162;87917;['Apple TV+', 'Apple TV Plus Amazon Channel']
1163;1620;['Tivify']
1164;63401;['Movistar Plus+ Ficción Total ', 'Max', 'Max  Originals Amazon Channel']
1165;27240;[]
1166;3797;[]
1167;105177;['Netflix', 'Netflix Standard with Ads']
1168;21561;[]
1169;31687;['Crunchyroll', 'Crunchyroll Amazon Channel']
1170;102321;['Movistar Plus+ Ficción Total ', 'Max', 'Max  Originals Amazon Channel']
1171;4239;[]
1172;121658;['Movistar Plus+', 'Movistar Plus+ Ficción Total ', 'Tivify']
1173;104711;['Netflix', 'Netflix Standard with Ads']
1174;158916;['Netflix', 'Netflix Standard with Ads']
1175;58450;['Atres Player']
1176;1952;[]
1177;116135;['Netflix', 'Netflix Standard with Ads']
1178;92396;[]
1179;62320;['Netflix', 'Netflix Standard with Ads']
1180;34014;[]
1181;75209;[]
1182;70128;[]
1183;69295;['Crunchyroll', 'Crunchyroll Amazon Channel']
1184;128113;['Movistar Plus+ Ficción Total ', 'Max', 'Max  Originals Amazon Channel']
1185;32218;['Atres Player']
1186;135647;[]
1187;213241;['Netflix', 'Netflix Standard with Ads']
1188;66825;[]
1189;7842;[]
1190;90027;['Amazon Prime Video']
1191;12786;[]
1192;61314;[]
1193;46901;['Atres Player']
1194;66025;['Amazon Prime Video', 'Movistar Plus+', 'Movistar Plus+ Ficción Total ']
1195;61864;['Netflix', 'Netflix Standard with Ads']
1196;94372;['Movistar Plus+', 'Movistar Plus+ Ficción Total ', 'SkyShowtime', 'Tivify']
1197;15826;[]
1198;89852;['Netflix', 'Netflix Standard with Ads']
1199;44914;[]
1200;67230;[]
1201;4624;[]
1202;1546;['Disney Plus']
1203;113367;['Amazon Prime Video']
1204;7072;[]
1205;92749;['Disney Plus']
1206;70824;[]
1207;2005;[]
1208;62699;[]
1209;15489;['Atres Player']
1210;10821;[]
1211;73375;['Amazon Prime Video']
1212;67773;['Netflix', 'Netflix Standard with Ads']
1213;43901;[]
1214;4658;['Tivify']
1215;240667;['Netflix', 'Netflix Standard with Ads']
1216;215866;['Netflix', 'Netflix Standard with Ads']
1217;82328;['Atres Player']
1218;60930;[]
1219;12697;[]
1220;2286;[]
1221;96777;['Netflix', 'Netflix Standard with Ads']
1222;3902;['Disney Plus', 'Filmin']
1223;116799;['Netflix', 'Netflix Standard with Ads']
1224;34391;['Disney Plus']
1225;86340;['Amazon Prime Video']
1226;12961;['Atres Player']
1227;387;['Netflix', 'Amazon Prime Video', 'Movistar Plus+', 'Movistar Plus+ Ficción Total ', 'fuboTV', 'SkyShowtime', 'Netflix Standard with Ads']
1228;109939;['Movistar Plus+ Ficción Total ', 'Max', 'Max  Originals Amazon Channel']
1229;82104;['Netflix', 'Netflix Standard with Ads']
1230;12926;[]
1231;2317;['Disney Plus']
1232;57911;['Movistar Plus+ Ficción Total ']
1233;54650;['MGM Plus Amazon Channel']
1234;49010;['Netflix', 'Netflix Standard with Ads']
1235;3452;['Movistar Plus+ Ficción Total ', 'SkyShowtime']
1236;31585;['Lionsgate+ Amazon Channels']
1237;13862;['Movistar Plus+ Ficción Total ', 'SkyShowtime']
1238;2009;[]
1239;122623;[]
1240;71914;['Amazon Prime Video']
1241;68421;['Netflix', 'Netflix Standard with Ads']
1242;68734;[]
1243;31268;[]
1244;4330;[]
1245;245927;['Disney Plus']
1246;119243;['Movistar Plus+ Ficción Total ', 'SkyShowtime']
1247;33234;[]
1248;15819;[]
1249;1424;['Netflix', 'Netflix Standard with Ads']
1250;1068;[]
1251;4229;[]
1252;138501;['Disney Plus']
1253;81354;['Netflix', 'Netflix Standard with Ads']
1254;7317;[]
1255;105288;['Netflix', 'Netflix Standard with Ads']
1256;79788;['Movistar Plus+ Ficción Total ', 'Max', 'Max  Originals Amazon Channel']
1257;79696;['Netflix', 'Netflix Standard with Ads']
1258;99310;[]
1259;62286;['Amazon Prime Video']
1260;74204;['Netflix', 'Netflix Standard with Ads']
1261;15114;['Movistar Plus+ Ficción Total ', 'Max', 'Max  Originals Amazon Channel']
1262;11245;['Movistar Plus+ Ficción Total ', 'Max', 'Max  Originals Amazon Channel']
1263;2566;['MGM Plus Amazon Channel']
1264;241259;['Netflix', 'Netflix Standard with Ads']
1265;2228;[]
1266;1097;[]
1267;110642;['Netflix', 'Netflix Standard with Ads']
1268;64752;['Disney Plus']
1269;11250;['Atres Player']
1270;3845;[]
1271;1215;['Movistar Plus+ Ficción Total ', 'SkyShowtime']
1272;78670;[]
1273;18341;['Atres Player']
1274;8803;[]
1275;12577;[]
1276;4605;['Disney Plus']
1277;46952;['Netflix', 'Movistar Plus+', 'Movistar Plus+ Ficción Total ', 'Netflix Standard with Ads']
1278;82596;['Netflix', 'Netflix Standard with Ads']
1279;709;['Movistar Plus+', 'Movistar Plus+ Ficción Total ', 'Max', 'Max  Originals Amazon Channel']
1280;1431;['Movistar Plus+ Ficción Total ', 'SkyShowtime', 'Tivify']
1281;110637;[]
1282;43082;[]
1283;88396;['Disney Plus']
1284;85948;['Movistar Plus+', 'Movistar Plus+ Ficción Total ', 'fuboTV']
1285;78122;['Crunchyroll', 'Crunchyroll Amazon Channel']
1286;31295;['Movistar Plus+ Ficción Total ', 'Max', 'Max  Originals Amazon Channel']
1287;87763;['Netflix', 'Atres Player', 'Netflix Standard with Ads']
1288;93392;['Netflix', 'Netflix Standard with Ads']
1289;225634;['Netflix', 'Netflix Standard with Ads']
1290;96734;['Disney Plus']
1291;43348;['Netflix', 'Netflix Standard with Ads']
1292;720;['Disney Plus']
1293;127700;['Disney Plus']
1294;120998;['SkyShowtime']
1295;54344;['Movistar Plus+ Ficción Total ', 'Max', 'Max  Originals Amazon Channel']
1296;115857;['Netflix', 'Netflix Standard with Ads']
1297;73925;[]
1298;69629;['Disney Plus']
1299;88408;[]
1300;71738;['Disney Plus']
1301;45666;['Netflix', 'Movistar Plus+ Ficción Total ', 'SkyShowtime', 'Netflix Standard with Ads']
1302;4324;[]
1303;1472;[]
1304;90602;['Netflix', 'Netflix Standard with Ads']
1305;31718;[]
1306;4614;['Movistar Plus+', 'Movistar Plus+ Ficción Total ', 'SkyShowtime', 'Tivify']
1307;111803;['Movistar Plus+ Ficción Total ', 'Max', 'Max  Originals Amazon Channel']
1308;46879;['Disney Plus']
1309;10545;['Netflix', 'Movistar Plus+ Ficción Total ', 'Max', 'Netflix Standard with Ads', 'Max  Originals Amazon Channel']
1310;114466;['Disney Plus']
1311;73321;[]
1312;95941;[]
1313;504;[]
1314;123192;['Apple TV+', 'Apple TV Plus Amazon Channel']
1315;3475;[]
1316;87104;[]
1317;46671;['Amazon Prime Video']
1318;31072;[]
1319;47450;[]
1320;7777;[]
1321;1649;[]
1322;12568;['Atres Player']
1323;146176;['Netflix', 'Netflix Standard with Ads']
1324;4357;[]
1325;4303;[]
1326;5739;[]
1327;1415;['Movistar Plus+ Ficción Total ', 'SkyShowtime', 'Tivify']
1328;96129;['Netflix', 'Netflix Standard with Ads']
1329;92916;['Netflix', 'Netflix Standard with Ads']
1330;120462;['Amazon Prime Video']
1331;120168;['Netflix', 'Netflix Standard with Ads']
1332;43062;[]
1333;3022;[]
1334;90257;['Amazon Prime Video']
1335;64432;[]
1336;47665;['MGM Plus Amazon Channel', 'Lionsgate+ Amazon Channels']
1337;109958;['Netflix', 'Netflix Standard with Ads']
1338;60708;[]
1339;10926;[]
1340;69158;['Movistar Plus+ Ficción Total ', 'SkyShowtime']
1341;42025;['Netflix', 'Amazon Prime Video', 'Pash Amazon Channel', 'Netflix Standard with Ads']
1342;1435;['SkyShowtime']
1343;64099;[]
1344;7695;['Atres Player']
1345;39525;[]
1346;93693;['Movistar Plus+ Ficción Total ', 'SkyShowtime']
1347;87944;[]
1348;63210;['Netflix', 'Netflix Standard with Ads']
1349;31941;['Lionsgate+ Amazon Channels']
1350;4879;[]
1351;73777;[]
1352;66788;['Netflix', 'Netflix Standard with Ads']
1353;65817;['Movistar Plus+ Ficción Total ', 'Max', 'Max  Originals Amazon Channel']
1354;63441;['Atres Player']
1355;77532;['Disney Plus']
1356;66676;['Netflix', 'Netflix Standard with Ads']
1357;59427;['Disney Plus']
1358;3016;[]
1359;207717;['Netflix', 'Netflix Standard with Ads']
1360;208825;['Netflix', 'Netflix Standard with Ads']
1361;7821;['Atres Player']
1362;96346;['Netflix', 'Netflix Standard with Ads']
1363;86428;['MGM Plus Amazon Channel', 'Lionsgate+ Amazon Channels']
1364;33213;['Disney Plus']
1365;14396;[]
1366;98161;['Apple TV+', 'Apple TV Plus Amazon Channel']
1367;79593;['Movistar Plus+', 'Movistar Plus+ Ficción Total ']
1368;72597;[]
1369;1401;[]
1370;42503;[]
1371;15804;[]
1372;103086;['Netflix', 'Netflix Standard with Ads']
1373;42154;[]
1374;4630;['Movistar Plus+ Ficción Total ', 'SkyShowtime']
1375;2119;[]
1376;157065;['Netflix', 'Netflix Standard with Ads']
1377;1422;[]
1378;103409;['Crunchyroll', 'Crunchyroll Amazon Channel']
1379;80020;[]
1380;77341;[]
1381;46880;['Disney Plus']
1382;40546;[]
1383;61838;['Netflix', 'Netflix Standard with Ads']
1384;61585;['Movistar Plus+ Ficción Total ', 'Max', 'Max  Originals Amazon Channel']
1385;314;['Netflix', 'Netflix Standard with Ads']
1386;126116;['Movistar Plus+', 'Movistar Plus+ Ficción Total ']
1387;115036;['Disney Plus']
1388;91520;['Movistar Plus+ Ficción Total ', 'SkyShowtime']
1389;82883;[]
1390;199318;['Apple TV+', 'Apple TV Plus Amazon Channel']
1391;67384;['Amazon Prime Video']
1392;4601;[]
1393;418;[]
1394;88055;['Apple TV+', 'Apple TV Plus Amazon Channel']
1395;19125;[]
1396;1407;['Disney Plus']
1397;141;[]
1398;64513;['Disney Plus']
1399;7458;['Netflix', 'Netflix Standard with Ads']
1400;67335;[]
1401;16961;[]
1402;7482;['Amazon Prime Video']
1403;79501;['Movistar Plus+ Ficción Total ', 'Max', 'Max  Originals Amazon Channel']
1404;39358;['Disney Plus']
1405;67683;['Netflix', 'Netflix Standard with Ads']
1406;97400;['Netflix', 'Netflix Standard with Ads']
1407;128095;['Disney Plus']
1408;111119;['Amazon Prime Video']
1409;33001;[]
1410;4313;[]
1411;117023;['Netflix', 'Netflix Standard with Ads']
1412;60834;[]
1413;57243;['Amazon Prime Video']
1414;64684;[]
1415;88166;['Movistar Plus+ Ficción Total ', 'Max', 'Max  Originals Amazon Channel']
1416;4184;['Atres Player']
1417;1615;['Disney Plus']
1418;84647;['Netflix', 'Netflix Standard with Ads']
1419;33025;['Movistar Plus+ Ficción Total ', 'SkyShowtime']
1420;2384;[]
1421;607;['Netflix']
1422;71769;['Movistar Plus+ Ficción Total ', 'SkyShowtime']
1423;2345;['Disney Plus']
1424;85723;[]
1425;8514;['Netflix', 'WOW Presents Plus', 'Netflix Standard with Ads']
1426;129959;['Netflix', 'Netflix Standard with Ads']
1427;251;['Movistar Plus+ Ficción Total ', 'Max', 'Max  Originals Amazon Channel']
1428;82809;[]
1429;74428;[]
1430;46619;[]
1431;155421;['Netflix', 'Netflix Standard with Ads']
1432;90669;['Netflix', 'Netflix Standard with Ads']
1433;3172;['Disney Plus']
1434;1950;[]
1435;83659;['Netflix', 'Netflix Standard with Ads']
1436;61550;['Disney Plus']
1437;40293;[]
1438;17610;['Tivify']
1439;1678;['Disney Plus']
1440;203857;['Netflix', 'Netflix Standard with Ads']
1441;14755;[]
1442;45125;[]
1443;98034;['Crunchyroll']
1444;4616;[]
1445;103913;['Apple TV+', 'Apple TV Plus Amazon Channel']
1446;72039;[]
1447;69061;['Netflix', 'Netflix Standard with Ads']
1448;62649;[]
1449;75758;['Netflix', 'Netflix Standard with Ads']
1450;60655;['Netflix', 'Netflix Standard with Ads']
1451;2407;[]
1452;2423;[]
1453;62017;['Amazon Prime Video']
1454;1018;[]
1455;114461;['Disney Plus']
1456;60804;[]
1457;97513;['Amazon Prime Video']
1458;67195;['Disney Plus']
1459;71411;['Netflix', 'Netflix Standard with Ads']
1460;205442;['Atres Player']
1461;100617;['Netflix', 'Netflix Standard with Ads']
1462;484;['Movistar Plus+ Ficción Total ', 'SkyShowtime', 'Tivify']
1463;88516;['Netflix', 'Netflix Standard with Ads']
1464;72787;[]
1465;1998;['Filmin']
1466;4232;[]
1467;433;[]
1468;6549;[]
1469;764;['Amazon Prime Video']
1470;77568;['Atres Player']
1471;81290;['Netflix', 'Netflix Standard with Ads']
1472;32778;['Atres Player']
1473;49009;[]
1474;117488;['Movistar Plus+', 'Movistar Plus+ Ficción Total ']
1475;127865;['Netflix', 'Netflix Standard with Ads']
1476;5459;['Atres Player']
1477;5451;[]
1478;97180;['Netflix', 'Netflix Standard with Ads']
1479;218589;['Amazon Prime Video']
1480;1423;['SkyShowtime']
1481;79340;['Amazon Prime Video']
1482;38472;['Disney Plus']
1483;93454;['Netflix', 'Netflix Standard with Ads']
1484;71673;[]
1485;102712;['Netflix', 'Netflix Standard with Ads']
1486;61744;['Amazon Prime Video']
1487;39852;['Netflix', 'Hoichoi', 'Netflix Standard with Ads']
1488;124101;['Movistar Plus+ Ficción Total ', 'SkyShowtime', 'Max', 'Max  Originals Amazon Channel']
1489;45;['Amazon Prime Video']
1490;108545;['Netflix', 'Netflix Standard with Ads']
1491;67861;[]
1492;6618;['Netflix', 'Netflix Standard with Ads']
1493;155;[]
1494;101512;[]
1495;72705;['Disney Plus']
1496;186;[]
1497;47640;['Disney Plus']
1498;94667;['Amazon Prime Video']
1499;90239;['Amazon Prime Video']
1500;114165;['Movistar Plus+', 'Movistar Plus+ Ficción Total ', 'Max', 'Max  Originals Amazon Channel']
1501;1403;['Disney Plus']
1502;32815;[]
1503;10079;['Disney Plus']
1504;125935;['Disney Plus']
1505;86686;['Planet Horror Amazon Channel', 'AMC+ Amazon Channel', 'AMC Plus Apple TV Channel ']
1506;43020;[]
1507;90228;['Movistar Plus+ Ficción Total ', 'Max', 'Max  Originals Amazon Channel']
1508;39793;[]
1509;85833;['Netflix', 'Netflix Standard with Ads']
1510;73671;['Netflix', 'Netflix Standard with Ads']
1511;64199;['Amazon Prime Video']
1512;100963;['Netflix', 'Netflix Standard with Ads']
1513;2397;[]
1514;61709;['Netflix', 'Amazon Prime Video', 'Movistar Plus+', 'Movistar Plus+ Ficción Total ', 'fuboTV', 'Netflix Standard with Ads']
1515;45997;['Crunchyroll', 'Crunchyroll Amazon Channel']
1516;72306;['Netflix', 'Netflix Standard with Ads']
1517;31387;['Netflix', 'Netflix Standard with Ads']
1518;36;[]
1519;15655;[]
1520;1516;[]
1521;134949;['Netflix', 'Netflix Standard with Ads']
1522;62822;['Amazon Prime Video']
1523;69470;['Netflix', 'Netflix Standard with Ads']
1524;37632;[]
1525;137040;['Netflix', 'Netflix Standard with Ads']
1526;75663;[]
1527;4920;['Movistar Plus+', 'Movistar Plus+ Ficción Total ']
1528;2919;['Disney Plus']
1529;210916;['Netflix', 'Netflix Standard with Ads']
1530;1639;[]
1531;128839;['Movistar Plus+ Ficción Total ', 'Max', 'Max  Originals Amazon Channel']
1532;114502;['Disney Plus']
1533;1908;[]
1534;2432;[]
1535;96481;['Netflix', 'Netflix Standard with Ads']
1536;41956;['Movistar Plus+', 'Movistar Plus+ Ficción Total ', 'Atres Player', 'Tivify']
1537;66053;['Crunchyroll', 'Crunchyroll Amazon Channel']
1538;54155;['Amazon Prime Video']
1539;2691;['Amazon Prime Video', 'Movistar Plus+ Ficción Total ', 'Max', 'Max  Originals Amazon Channel']
1540;113901;['Amazon Prime Video']
1541;74140;[]
1542;10268;[]
1543;109470;['Atres Player']
1544;73021;['Netflix', 'Netflix Standard with Ads']
1545;36994;[]
1546;6005;[]
1547;261579;['Amazon Prime Video']
1548;112166;['Netflix', 'Netflix Standard with Ads']
1549;43016;[]
1550;99935;['Netflix', 'Netflix Standard with Ads']
1551;69557;['Netflix', 'Netflix Standard with Ads']
1552;66185;['Disney Plus']
1553;1026;[]
1554;98387;[]
1555;98201;['Amazon Prime Video']
1556;4608;['Movistar Plus+ Ficción Total ', 'SkyShowtime']
1557;72710;['Amazon Prime Video']
1558;64230;['Movistar Plus+', 'Movistar Plus+ Ficción Total ']
1559;62211;[]
1560;63646;[]
1561;79240;[]
1562;61118;[]
1563;17287;['Filmin', 'Lionsgate+ Amazon Channels']
1564;65493;['Netflix', 'Netflix Standard with Ads']
1565;1269;['Disney Plus']
1566;114705;['Netflix', 'Netflix Standard with Ads']
1567;1931;['Disney Plus']
1568;1921;[]
1569;167;[]
1570;72339;['Netflix', 'Netflix Standard with Ads']
1571;2692;[]
1572;82744;['Movistar Plus+ Ficción Total ', 'SkyShowtime']
1573;39859;[]
1574;106754;['Netflix', 'Netflix Standard with Ads']
1575;7869;['Amazon Prime Video', 'Movistar Plus+ Ficción Total ', 'SkyShowtime']
1576;114501;['Disney Plus']
1577;634;[]
1578;63623;['Netflix', 'Netflix Standard with Ads']
1579;73126;['Netflix', 'Netflix Standard with Ads']
1580;42280;['Atres Player']
1581;126525;['Netflix', 'Netflix Standard with Ads']
1582;99626;['Netflix', 'Netflix Standard with Ads']
1583;2947;['Max', 'Max  Originals Amazon Channel']
1584;1996;[]
1585;95205;['Movistar Plus+', 'Movistar Plus+ Ficción Total ']
1586;95202;['Netflix', 'Netflix Standard with Ads']
1587;82782;['Movistar Plus+ Ficción Total ', 'Max', 'Max  Originals Amazon Channel']
1588;97539;['Netflix', 'Netflix Standard with Ads']
1589;46616;['Amazon Prime Video']
1590;128098;['AMC+ Amazon Channel', 'AMC Plus Apple TV Channel ']
1591;101918;['Netflix', 'Netflix Standard with Ads']
1592;50825;['Disney Plus']
1593;32573;[]
1594;8624;['Movistar Plus+ Ficción Total ', 'Max', 'Max  Originals Amazon Channel']
1595;5148;['MGM Plus Amazon Channel']
1596;2777;[]
1597;94305;['Amazon Prime Video']
1598;84380;['Netflix', 'Netflix Standard with Ads']
1599;14814;['Netflix', 'Movistar Plus+ Ficción Total ', 'SkyShowtime', 'Hayu', 'Hayu Amazon Channel', 'Netflix Standard with Ads']
1600;236;[]
1601;82791;['Netflix', 'Pash Amazon Channel', 'Netflix Standard with Ads']
1602;147050;['Apple TV+']
1603;90855;['Netflix', 'Netflix Standard with Ads', 'Crunchyroll', 'Crunchyroll Amazon Channel']
1604;64254;['Netflix', 'Netflix Standard with Ads']
1605;365;[]
1606;65294;['Netflix', 'Netflix Standard with Ads']
1607;84969;['Amazon Prime Video']
1608;2129;[]
1609;1558;['Disney Plus']
1610;63648;[]
1611;60948;['Movistar Plus+ Ficción Total ', 'SkyShowtime']
1612;2355;['Disney Plus']
1613;4414;[]
1614;158300;['Movistar Plus+ Ficción Total ', 'SkyShowtime']
1615;14658;[]
1616;83851;['Movistar Plus+ Ficción Total ', 'Max', 'Max  Originals Amazon Channel']
1617;549;['Movistar Plus+ Ficción Total ', 'SkyShowtime']
1618;70798;[]
1619;105;['Netflix', 'Movistar Plus+ Ficción Total ', 'Max', 'Netflix Standard with Ads', 'Max  Originals Amazon Channel']
1620;91725;['Netflix', 'Netflix Standard with Ads']
1621;7704;[]
1622;1434;['Disney Plus']
1623;79680;['Netflix', 'Movistar Plus+ Ficción Total ', 'SkyShowtime', 'Netflix Standard with Ads']
1624;114695;['Disney Plus']
1625;84977;['Netflix', 'Netflix Standard with Ads']
1626;113246;['Netflix', 'Netflix Standard with Ads']
1627;103540;['Disney Plus']
1628;62710;[]
1629;44606;[]
1630;133086;['Netflix', 'Netflix Standard with Ads']
1631;39272;['Disney Plus']
1632;60637;[]
1633;13555;[]
1634;63522;['Netflix', 'Netflix Standard with Ads']
1635;84661;['Movistar Plus+ Ficción Total ', 'Max', 'Max  Originals Amazon Channel']
1636;2025;[]
1637;51019;[]
1638;94154;['Netflix', 'Netflix Standard with Ads']
1639;103026;[]
1640;229221;['Netflix', 'Netflix Standard with Ads']
1641;153519;['Netflix', 'Netflix Standard with Ads']
1642;95249;['Movistar Plus+ Ficción Total ', 'Max', 'Max  Originals Amazon Channel']
1643;73411;['Netflix', 'Netflix Standard with Ads']
1644;98178;['Apple TV+', 'Apple TV Plus Amazon Channel']
1645;81349;['Disney Plus']
1646;67466;[]
1647;218342;['Netflix', 'Netflix Standard with Ads']
1648;127626;['Netflix', 'Netflix Standard with Ads']
1649;43899;[]
1650;207863;['AMC+ Amazon Channel', 'AMC Plus Apple TV Channel ']
1651;116450;['Max', 'Max  Originals Amazon Channel']
1652;68878;['Tivify']
1653;1420;['Disney Plus']
1654;2458;['Tivify']
1655;657;[]
1656;60557;[]
1657;106651;['Netflix', 'Netflix Standard with Ads']
1658;81879;[]
1659;60699;['Netflix', 'Netflix Standard with Ads']
1660;62745;[]
1661;37858;[]
1662;95612;['Netflix', 'Netflix Standard with Ads']
1663;58457;[]
1664;67883;['Netflix', 'Movistar Plus+ Ficción Total ', 'Max', 'Netflix Standard with Ads', 'Max  Originals Amazon Channel']
1665;75191;[]
1666;133727;['Apple TV+', 'Apple TV Plus Amazon Channel']
1667;157061;['Amazon Prime Video']
1668;2327;['Amazon Prime Video']
1669;2122;[]
1670;1940;['Movistar Plus+ Ficción Total ', 'Max', 'Max  Originals Amazon Channel']
1671;97861;['Netflix', 'Netflix Standard with Ads']
1672;35527;[]
1673;79126;['Netflix', 'Netflix Standard with Ads']
1674;397;[]
1675;122066;['Disney Plus']
1676;97173;['Netflix', 'Netflix Standard with Ads']
1677;12965;['Atres Player']
1678;133723;['Movistar Plus+ Ficción Total ', 'Max', 'Max  Originals Amazon Channel']
1679;3319;['Disney Plus']
1680;122530;['Amazon Prime Video']
1681;57092;['MGM Plus Amazon Channel', 'Lionsgate+ Amazon Channels']
1682;424;[]
1683;99610;['Netflix', 'Netflix Standard with Ads']
1684;49011;['Amazon Prime Video']
1685;43125;[]
1686;2188;[]
1687;75666;[]
1688;137893;['Netflix', 'Netflix Standard with Ads']
1689;4376;[]
1690;126118;[]
1691;87050;['Netflix', 'Netflix Standard with Ads']
1692;62687;[]
1693;81146;[]
1694;105214;['Netflix', 'Netflix Standard with Ads']
1695;28379;[]
1696;2287;[]
1697;91602;['Amazon Prime Video']
1698;114503;[]
1699;72755;['Movistar Plus+', 'Movistar Plus+ Ficción Total ']
1700;11279;['Netflix', 'Filmin', 'Netflix Standard with Ads']
1701;93785;['Netflix', 'Netflix Standard with Ads']
1702;62688;[]
1703;37664;[]
1704;127635;['Disney Plus']
1705;42368;['Netflix', 'Netflix Standard with Ads']
1706;124124;['Netflix', 'Netflix Standard with Ads']
1707;67419;[]
1708;60905;[]
1709;85949;['Amazon Prime Video']
1710;61387;['Tivify']
1711;66871;[]
1712;120452;[]
1713;104819;['Amazon Prime Video']
1714;67116;['Movistar Plus+', 'Movistar Plus+ Ficción Total ']
1715;39279;[]
1716;84773;['Amazon Prime Video']
1717;67133;[]
1718;931;[]
1719;43284;['Atres Player']
1720;985;[]
1721;81559;['Netflix', 'Netflix Standard with Ads']
1722;100074;['Netflix', 'Netflix Standard with Ads']
1723;62643;[]
1724;60556;[]
1725;85853;['Movistar Plus+ Ficción Total ', 'Max', 'Max  Originals Amazon Channel']
1726;76719;['Netflix', 'Netflix Standard with Ads']
1727;70573;['Netflix', 'Netflix Standard with Ads']
1728;67135;['Amazon Prime Video']
1729;84452;['Netflix', 'Netflix Standard with Ads']
1730;61295;[]
1731;114925;['Disney Plus']
1732;64433;[]
1733;64852;[]
1734;120587;['Netflix', 'Netflix Standard with Ads']
1735;91445;[]
1736;39297;['Disney Plus']
1737;79048;[]
1738;44169;['Disney Plus']
1739;69998;[]
1740;100226;['Netflix', 'Netflix Standard with Ads']
1741;51370;[]
1742;31078;['Movistar Plus+ Ficción Total ', 'Max', 'Max  Originals Amazon Channel']
1743;104555;['Netflix', 'Netflix Standard with Ads']
1744;127571;['Netflix', 'Netflix Standard with Ads']
1745;2808;['Amazon Prime Video', 'Movistar Plus+ Ficción Total ', 'Max', 'Max  Originals Amazon Channel']
1746;734;[]
1747;89844;['Movistar Plus+ Ficción Total ', 'Max', 'Max  Originals Amazon Channel']
1748;68799;['Netflix', 'Netflix Standard with Ads']
1749;12970;[]
1750;86374;['Disney Plus']
1751;61599;[]
1752;2593;[]
1753;2405;[]
1754;85273;['AMC+ Amazon Channel', 'AMC Plus Apple TV Channel ']
1755;61345;[]
1756;2362;[]
1757;76438;['Netflix', 'Netflix Standard with Ads']
1758;2263;[]
1759;81357;['Netflix', 'Netflix Standard with Ads']
1760;19544;['Crunchyroll', 'Crunchyroll Amazon Channel']
1761;113600;['Netflix', 'Netflix Standard with Ads']
1762;496;[]
1763;46157;[]
1764;1663;[]
1765;102621;['Netflix', 'Netflix Standard with Ads']
1766;79611;[]
1767;70865;[]
1768;68202;[]
1769;4429;['Disney Plus']
1770;129677;['Netflix', 'Netflix Standard with Ads']
1771;79026;['Netflix', 'Netflix Standard with Ads']
1772;7831;[]
1773;111800;['Disney Plus']
1774;14956;[]
1775;82747;['Amazon Prime Video']
1776;648;[]
1777;132559;[]
1778;81292;['Netflix', 'Netflix Standard with Ads']
1779;36250;[]
1780;156484;['Netflix', 'Netflix Standard with Ads']
1781;117030;['Movistar Plus+ Ficción Total ', 'Max', 'Max  Originals Amazon Channel']
1782;71116;[]
1783;66786;[]
1784;1310;[]
1785;4606;[]
1786;78903;['Amazon Prime Video']
1787;32868;[]
1788;120734;[]
1789;100010;['Disney Plus']
1790;94951;['Apple TV+', 'Apple TV Plus Amazon Channel']
1791;6547;['Atres Player']
1792;134373;['Movistar Plus+ Ficción Total ', 'Max', 'Max  Originals Amazon Channel']
1793;126167;['Movistar Plus+', 'Movistar Plus+ Ficción Total ']
1794;66551;[]
1795;112314;[]
1796;79622;['Amazon Prime Video']
1797;94167;['Amazon Prime Video']
1798;18712;['Netflix', 'Netflix Standard with Ads']
1799;98187;['Netflix', 'Netflix Standard with Ads']
1800;203744;['Apple TV+', 'Apple TV Plus Amazon Channel']
1801;4575;['Disney Plus']
1802;384;[]
1803;46928;['Disney Plus']
1804;72615;['Netflix', 'Netflix Standard with Ads']
1805;81983;['Netflix', 'Netflix Standard with Ads']
1806;69088;[]
1807;92926;['Netflix', 'Netflix Standard with Ads']
1808;101881;['Amazon Prime Video']
1809;83949;[]
1810;39340;['Amazon Prime Video']
1811;9687;[]
1812;125949;['Movistar Plus+ Ficción Total ', 'Max', 'Max  Originals Amazon Channel']
1813;3750;['Amazon Prime Video']
1814;197588;['Netflix', 'Netflix Standard with Ads']
1815;152483;['Amazon Prime Video']
1816;114463;['Disney Plus']
1817;118924;[]
1818;83125;['Netflix', 'Netflix Standard with Ads']
1819;65150;['Movistar Plus+ Ficción Total ', 'Max', 'Max  Originals Amazon Channel']
1820;60839;[]
1821;94423;[]
1822;4602;['Disney Plus']
1823;39957;['Disney Plus']
1824;114478;['Disney Plus']
1825;81747;[]
1826;61381;['Disney Plus']
1827;1220;['Movistar Plus+', 'Movistar Plus+ Ficción Total ']
1828;93287;['Movistar Plus+ Ficción Total ', 'Max', 'Max  Originals Amazon Channel']
1829;66190;['Disney Plus']
1830;73157;[]
1831;66857;[]
1832;39276;['Movistar Plus+', 'Movistar Plus+ Ficción Total ', 'Tivify']
1833;9957;[]
1834;103992;['Disney Plus']
1835;1481;[]
1836;233629;['Netflix', 'Netflix Standard with Ads']
1837;82816;['Movistar Plus+ Ficción Total ', 'Max', 'Max  Originals Amazon Channel']
1838;53606;['Netflix', 'Netflix Standard with Ads']
1839;90461;['Disney Plus']
1840;46331;['Movistar Plus+ Ficción Total ', 'SkyShowtime']
1841;220801;['Netflix', 'Netflix Standard with Ads']
1842;99588;['Movistar Plus+ Ficción Total ', 'SkyShowtime']
1843;61692;['Disney Plus']
1844;134297;['Disney Plus']
1845;66398;[]
1846;1664;[]
1847;994;[]
1848;127235;['Apple TV+', 'Apple TV Plus Amazon Channel']
1849;110529;['Netflix', 'Netflix Standard with Ads']
1850;112077;['Movistar Plus+ Ficción Total ', 'Max', 'Acontra Plus', 'Max  Originals Amazon Channel']
1851;96608;['Netflix', 'Netflix Standard with Ads']
1852;61733;['Disney Plus']
1853;99509;['Netflix', 'Netflix Standard with Ads']
1854;95281;['Amazon Prime Video']
1855;93811;['Netflix', 'Netflix Standard with Ads']
1856;210232;['Netflix', 'Netflix Standard with Ads']
1857;15822;[]
1858;380;[]
1859;197125;['Apple TV+', 'Apple TV Plus Amazon Channel']
1860;105849;[]
1861;3470;[]
1862;68467;['Netflix', 'Netflix Standard with Ads']
1863;61671;['Netflix', 'Netflix Standard with Ads']
1864;66894;[]
1865;58928;[]
1866;232125;['Disney Plus']
1867;9051;[]
1868;39269;['Disney Plus']
1869;61555;[]
1870;129495;['Netflix', 'Netflix Standard with Ads']
1871;93736;['Netflix', 'Netflix Standard with Ads']
1872;61986;['Netflix', 'Netflix Standard with Ads']
1873;4610;['Disney Plus']
1874;66310;[]
1875;70485;[]
1876;67752;[]
1877;225385;['Netflix', 'Netflix Standard with Ads']
1878;72748;['Movistar Plus+ Ficción Total ', 'Max', 'Max  Originals Amazon Channel']
1879;18053;[]
1880;97441;['Netflix', 'Netflix Standard with Ads']
1881;67026;['Netflix', 'Netflix Standard with Ads']
1882;46976;[]
1883;8392;[]
1884;84553;['Crunchyroll', 'Crunchyroll Amazon Channel']
1885;65251;['Netflix', 'Netflix Standard with Ads']
1886;94515;['Netflix', 'Netflix Standard with Ads']
1887;99121;['Movistar Plus+', 'Movistar Plus+ Ficción Total ']
1888;57276;[]
1889;2985;[]
1890;71340;[]
1891;85586;[]
1892;34967;[]
1893;103787;['Amazon Prime Video']
1894;42295;[]
1895;13943;[]
1896;87956;['Atres Player']
1897;70391;[]
1898;21755;['Tivify']
1899;156077;['Netflix', 'Netflix Standard with Ads']
1900;103506;['Netflix', 'Netflix Standard with Ads']
1901;3611;[]
1902;66579;['Mitele ']
1903;501;[]
1904;46638;[]
1905;92209;['Amazon Prime Video']
1906;2328;[]
1907;502;[]
1908;40290;[]
1909;126164;['Disney Plus']
1910;105904;['Netflix', 'Netflix Standard with Ads']
1911;4238;[]
1912;126280;['Netflix', 'Netflix Standard with Ads']
1913;77606;['Netflix', 'Netflix Standard with Ads']
1914;32729;[]
1915;76303;['Movistar Plus+', 'Movistar Plus+ Ficción Total ']
1916;46639;[]
1917;58937;['Movistar Plus+', 'Movistar Plus+ Ficción Total ']
1918;62285;['Disney Plus']
1919;66840;[]
1920;67198;['Movistar Plus+ Ficción Total ', 'SkyShowtime']
1921;64394;[]
1922;82565;[]
1923;670;['Movistar Plus+ Ficción Total ', 'Max', 'Max  Originals Amazon Channel']
1924;217667;['Netflix', 'Netflix Standard with Ads']
1925;134095;['Disney Plus']
1926;92830;['Disney Plus']
1927;32415;[]
1928;2359;[]
1929;578;[]
1930;128010;['Netflix', 'Netflix Standard with Ads']
1931;63535;[]
1932;65820;['Netflix', 'Netflix Standard with Ads']
1933;219;[]
1934;2410;[]
1935;4331;[]
1936;103435;[]
1937;85385;[]
1938;7087;[]
1939;71146;['MGM Plus Amazon Channel']
1940;93808;['Netflix', 'Netflix Standard with Ads']
1941;90972;[]
1942;19092;[]
1943;109330;['Movistar Plus+ Ficción Total ', 'SkyShowtime']
1944;1759;[]
1945;83127;['Netflix', 'Netflix Standard with Ads']
1946;1567;[]
1947;64387;[]
1948;136308;['Netflix', 'Netflix Standard with Ads']
1949;83478;['Netflix', 'Netflix Standard with Ads']
1950;39468;['Movistar Plus+ Ficción Total ', 'Max', 'Max  Originals Amazon Channel']
1951;10126;[]
1952;2437;['Netflix', 'Disney Plus', 'Amazon Prime Video', 'Movistar Plus+ Ficción Total ', 'Max', 'Netflix Standard with Ads', 'Hopster Amazon Channel', 'Max  Originals Amazon Channel']
1953;88052;['Netflix', 'Netflix Standard with Ads']
1954;66008;['Netflix', 'Netflix Standard with Ads']
1955;216082;['Netflix', 'Netflix Standard with Ads']
1956;82585;['Netflix', 'Netflix Standard with Ads']
1957;202879;['Disney Plus']
1958;56295;[]
1959;88989;['Amazon Prime Video']
1960;67487;['Amazon Prime Video']
1961;71663;[]
1962;116989;['Netflix', 'Netflix Standard with Ads']
1963;135868;['Disney Plus']
1964;105213;['Netflix']
1965;68427;[]
1966;63647;[]
1967;2675;['Disney Plus']
1968;2389;[]
1969;77459;['Disney Plus']
1970;104157;['Netflix', 'Netflix Standard with Ads']
1971;86850;['Netflix', 'Netflix Standard with Ads']
1972;57532;['Netflix', 'Amazon Prime Video', 'Movistar Plus+', 'Movistar Plus+ Ficción Total ', 'SkyShowtime', 'Netflix Standard with Ads']
1973;12782;['Atres Player']
1974;80335;['Amazon Prime Video']
1975;9156;['Amazon Prime Video', 'Filmin']
1976;5028;[]
1977;61378;['Movistar Plus+ Ficción Total ', 'SkyShowtime']
1978;73117;[]
1979;94413;['Netflix', 'Netflix Standard with Ads']
1980;77184;[]
1981;237;[]
1982;95594;['Netflix', 'Netflix Standard with Ads']
1983;1433;['Disney Plus']
1984;3772;[]
1985;4615;[]
1986;4515;[]
1987;2275;[]
1988;30773;[]
1989;7354;[]
1990;93484;['Netflix', 'Netflix Standard with Ads']
1991;48860;[]
1992;97609;['Netflix', 'Atres Player', 'Netflix Standard with Ads']
1993;129418;['Netflix', 'Netflix Standard with Ads']
1994;64122;[]
1995;88512;['Netflix', 'Netflix Standard with Ads']
1996;49157;['Lionsgate+ Amazon Channels']
1997;30826;[]
1998;103505;['Netflix', 'Netflix Standard with Ads']
1999;5687;['FilmBox+']
